id,broker,category,symbol,name,type,quantity,entry_price,exit_price,invested_amount,pnl,pnl_percent,result,reason,opened_at,closed_at,duration
TR-0632,BINANCE,CRYPTO,NEAR,NEAR Protocol,COMPRA / VENTA,1.0962,4.99,4.95,5.47,-0.04,-0.76,PÉRDIDA CONTROLADA,Cierre por estrategia de IA,2026-10-05 18:55:09,2026-10-05 18:55:09,2 min
TR-0631,BINANCE,CRYPTO,NEAR,NEAR Protocol,COMPRA / VENTA,1.0962,4.99,4.95,5.47,-0.04,-0.76,PÉRDIDA CONTROLADA,Cierre por estrategia de IA,2026-10-05 18:52:58,2026-10-05 18:52:58,2 min
TR-0630,BINANCE,CRYPTO,NEAR,NEAR Protocol,COMPRA / VENTA,1.0962,4.99,4.95,5.47,-0.04,-0.76,PÉRDIDA CONTROLADA,Cierre por estrategia de IA,2026-10-05 18:44:23,2026-10-05 18:44:23,2 min
TR-0629,BINANCE,CRYPTO,AVAX,Avalanche / USD,COMPRA / VENTA,0.7368,11.06,11.07,8.15,0.0,0.05,EMPATE,Cierre por estrategia de IA,2026-10-05 18:18:07,2026-10-05 18:18:07,2 min
TR-0628,BINANCE,CRYPTO,NEAR,NEAR Protocol,COMPRA / VENTA,1.5507,5.3,5.24,8.22,-0.1,-1.17,PÉRDIDA CONTROLADA,Cierre por estrategia de IA,2026-10-05 18:12:49,2026-10-05 18:12:49,2 min
TR-0627,BINANCE,CRYPTO,AVAX,Avalanche / USD,COMPRA / VENTA,0.7303,11.04,11.05,8.06,0.01,0.12,GANANCIA,Cierre por estrategia de IA,2026-10-05 18:03:53,2026-10-05 18:03:53,2 min
TR-0626,BINANCE,CRYPTO,NEAR,NEAR Protocol,COMPRA / VENTA,1.6078,5.26,5.28,8.46,0.02,0.29,GANANCIA,Cierre por estrategia de IA,2026-10-05 17:50:15,2026-10-05 17:50:15,2 min
TR-0625,BINANCE,CRYPTO,AVAX,Avalanche / USD,COMPRA / VENTA,0.6759,11.01,11.02,7.44,0.01,0.12,GANANCIA,Cierre por estrategia de IA,2026-10-05 17:37:49,2026-10-05 17:37:49,2 min
TR-0624,BINANCE,CRYPTO,NEAR,NEAR Protocol,COMPRA / VENTA,1.6078,5.26,5.27,8.46,0.01,0.1,GANANCIA,Cierre por estrategia de IA,2026-10-05 17:27:04,2026-10-05 17:27:04,2 min
TR-0623,BINANCE,CRYPTO,NEAR,NEAR Protocol,COMPRA / VENTA,1.9109,5.23,5.25,10.0,0.03,0.29,GANANCIA,Cierre por estrategia de IA,2026-10-05 17:18:26,2026-10-05 17:18:26,2 min
TR-0622,BINANCE,CRYPTO,NEAR,NEAR Protocol,COMPRA / VENTA,1.915,5.22,5.24,10.0,0.03,0.31,GANANCIA,Cierre por estrategia de IA,2026-10-05 16:15:19,2026-10-05 16:15:19,2 min
TR-0621,BINANCE,CRYPTO,NEAR,NEAR Protocol,COMPRA / VENTA,1.9142,5.22,5.23,10.0,0.01,0.08,GANANCIA,Cierre por estrategia de IA,2026-10-05 15:52:33,2026-10-05 15:52:33,2 min
TR-0620,BINANCE,CRYPTO,NEAR,NEAR Protocol,COMPRA / VENTA,1.9198,5.21,5.21,10.0,-0.01,-0.08,PÉRDIDA CONTROLADA,Cierre por estrategia de IA,2026-10-05 15:41:43,2026-10-05 15:41:43,2 min
TR-0619,BINANCE,CRYPTO,NEAR,NEAR Protocol,COMPRA / VENTA,1.9242,5.2,5.2,10.0,0.0,0.02,EMPATE,Cierre por estrategia de IA,2026-10-05 15:25:27,2026-10-05 15:25:27,2 min
TR-0618,BINANCE,CRYPTO,NEAR,NEAR Protocol,COMPRA / VENTA,1.9275,5.19,5.19,10.0,0.0,-0.02,EMPATE,Cierre por estrategia de IA,2026-10-05 15:01:24,2026-10-05 15:01:24,2 min
TR-0617,BINANCE,CRYPTO,NEAR,NEAR Protocol,COMPRA / VENTA,1.9286,5.18,5.19,10.0,0.0,0.04,EMPATE,Cierre por estrategia de IA,2026-10-05 14:37:20,2026-10-05 14:37:20,2 min
TR-0616,BINANCE,CRYPTO,NEAR,NEAR Protocol,COMPRA / VENTA,1.9331,5.17,5.18,10.0,0.01,0.12,GANANCIA,Cierre por estrategia de IA,2026-10-05 14:25:55,2026-10-05 14:25:55,2 min
TR-0615,BINANCE,CRYPTO,NEAR,NEAR Protocol,COMPRA / VENTA,1.952,5.12,5.13,10.0,0.01,0.14,GANANCIA,Cierre por estrategia de IA,2026-10-05 13:57:29,2026-10-05 13:57:29,2 min
TR-0614,BINANCE,CRYPTO,NEAR,NEAR Protocol,COMPRA / VENTA,1.9562,5.11,5.13,10.0,0.03,0.31,GANANCIA,Cierre por estrategia de IA,2026-10-05 13:51:10,2026-10-05 13:51:10,2 min
TR-0613,BINANCE,CRYPTO,NEAR,NEAR Protocol,COMPRA / VENTA,1.9646,5.09,5.15,10.0,0.12,1.22,GANANCIA,Cierre por estrategia de IA,2026-10-05 13:21:46,2026-10-05 13:21:46,2 min
TR-0612,BINANCE,CRYPTO,NEAR,NEAR Protocol,COMPRA / VENTA,1.9728,5.07,5.09,10.0,0.04,0.39,GANANCIA,Cierre por estrategia de IA,2026-10-05 13:11:06,2026-10-05 13:11:06,2 min
TR-0611,BINANCE,CRYPTO,NEAR,NEAR Protocol,COMPRA / VENTA,1.9916,5.02,5.04,10.0,0.04,0.38,GANANCIA,Cierre por estrategia de IA,2026-10-05 12:48:17,2026-10-05 12:48:17,2 min
TR-0610,BINANCE,CRYPTO,NEAR,NEAR Protocol,COMPRA / VENTA,1.9936,5.02,5.02,10.0,0.01,0.08,GANANCIA,Cierre por estrategia de IA,2026-10-05 12:26:26,2026-10-05 12:26:26,2 min
TR-0609,BINANCE,CRYPTO,NEAR,NEAR Protocol,COMPRA / VENTA,2.002,5.0,5.0,10.0,0.01,0.1,GANANCIA,Cierre por estrategia de IA,2026-10-05 12:17:49,2026-10-05 12:17:49,2 min
TR-0608,BINANCE,CRYPTO,NEAR,NEAR Protocol,COMPRA / VENTA,1.9877,5.03,4.97,10.0,-0.12,-1.21,PÉRDIDA CONTROLADA,Cierre por estrategia de IA,2026-10-05 12:09:26,2026-10-05 12:09:26,2 min
TR-0607,BINANCE,CRYPTO,NEAR,NEAR Protocol,COMPRA / VENTA,1.9948,5.01,5.02,10.0,0.01,0.12,GANANCIA,Cierre por estrategia de IA,2026-10-05 11:47:32,2026-10-05 11:47:32,2 min
TR-0606,BINANCE,CRYPTO,NEAR,NEAR Protocol,COMPRA / VENTA,2.002,5.0,5.01,10.0,0.03,0.3,GANANCIA,Cierre por estrategia de IA,2026-10-05 11:38:27,2026-10-05 11:38:27,2 min
TR-0605,BINANCE,CRYPTO,NEAR,NEAR Protocol,COMPRA / VENTA,2.0016,5.0,5.0,10.0,0.01,0.08,GANANCIA,Cierre por estrategia de IA,2026-10-05 11:12:06,2026-10-05 11:12:06,2 min
TR-0604,BINANCE,CRYPTO,AVAX,Avalanche / USD,COMPRA / VENTA,0.9149,10.93,10.8,10.0,-0.12,-1.17,PÉRDIDA CONTROLADA,Cierre por estrategia de IA,2026-10-05 11:03:52,2026-10-05 11:03:52,2 min
TR-0603,BINANCE,CRYPTO,NEAR,NEAR Protocol,COMPRA / VENTA,1.5059,5.01,5.01,7.54,0.0,0.04,EMPATE,Cierre por estrategia de IA,2026-10-05 11:02:47,2026-10-05 11:02:47,2 min
TR-0602,BINANCE,CRYPTO,NEAR,NEAR Protocol,COMPRA / VENTA,1.5095,5.0,5.0,7.54,0.0,0.06,EMPATE,Cierre por estrategia de IA,2026-10-05 10:42:13,2026-10-05 10:42:13,2 min
TR-0601,BINANCE,CRYPTO,NEAR,NEAR Protocol,COMPRA / VENTA,1.5044,5.01,5.02,7.54,0.01,0.12,GANANCIA,Cierre por estrategia de IA,2026-10-05 10:37:44,2026-10-05 10:37:44,2 min
TR-0600,BINANCE,CRYPTO,NEAR,NEAR Protocol,COMPRA / VENTA,1.5065,5.0,5.0,7.54,0.0,0.0,EMPATE,Cierre por estrategia de IA,2026-10-05 10:28:08,2026-10-05 10:28:08,2 min
TR-0599,BINANCE,CRYPTO,NEAR,NEAR Protocol,COMPRA / VENTA,1.5089,5.0,5.0,7.54,0.0,0.06,EMPATE,Cierre por estrategia de IA,2026-10-05 10:20:08,2026-10-05 10:20:08,2 min
TR-0598,BINANCE,CRYPTO,NEAR,NEAR Protocol,COMPRA / VENTA,1.5089,5.0,5.0,7.54,0.0,-0.04,EMPATE,Cierre por estrategia de IA,2026-10-05 10:11:11,2026-10-05 10:11:11,2 min
TR-0597,BINANCE,CRYPTO,NEAR,NEAR Protocol,COMPRA / VENTA,1.5095,5.0,5.0,7.54,0.0,0.06,EMPATE,Cierre por estrategia de IA,2026-10-05 10:06:52,2026-10-05 10:06:52,2 min
TR-0596,BINANCE,CRYPTO,NEAR,NEAR Protocol,COMPRA / VENTA,1.9889,5.03,4.97,10.0,-0.12,-1.23,PÉRDIDA CONTROLADA,Cierre por estrategia de IA,2026-10-05 09:56:17,2026-10-05 09:56:17,2 min
TR-0595,BINANCE,CRYPTO,NEAR,NEAR Protocol,COMPRA / VENTA,1.6374,5.07,5.01,8.3,-0.1,-1.16,PÉRDIDA CONTROLADA,Cierre por estrategia de IA,2026-10-05 09:34:26,2026-10-05 09:34:26,2 min
TR-0594,BINANCE,CRYPTO,AVAX,Avalanche / USD,COMPRA / VENTA,0.7606,11.03,10.92,8.39,-0.08,-1.01,PÉRDIDA CONTROLADA,Cierre por estrategia de IA,2026-10-05 09:31:14,2026-10-05 09:31:14,2 min
TR-0593,BINANCE,CRYPTO,LINK,Chainlink / USD,COMPRA / VENTA,0.5838,14.16,14.02,8.27,-0.09,-1.04,PÉRDIDA CONTROLADA,Cierre por estrategia de IA,2026-10-05 09:28:37,2026-10-05 09:28:37,2 min
TR-0592,BINANCE,CRYPTO,NEAR,NEAR Protocol,COMPRA / VENTA,1.6624,5.05,5.05,8.39,0.0,0.04,EMPATE,Cierre por estrategia de IA,2026-10-05 09:10:14,2026-10-05 09:10:14,2 min
TR-0591,BINANCE,CRYPTO,NEAR,NEAR Protocol,COMPRA / VENTA,1.669,5.03,5.03,8.39,0.0,0.04,EMPATE,Cierre por estrategia de IA,2026-10-05 07:59:16,2026-10-05 07:59:16,2 min
TR-0590,BINANCE,CRYPTO,AVAX,Avalanche / USD,COMPRA / VENTA,0.7851,11.03,10.92,8.66,-0.09,-1.01,PÉRDIDA CONTROLADA,Cierre por estrategia de IA,2026-10-05 07:54:09,2026-10-05 07:54:09,2 min
TR-0589,BINANCE,CRYPTO,NEAR,NEAR Protocol,COMPRA / VENTA,1.6488,5.04,4.98,8.31,-0.1,-1.19,PÉRDIDA CONTROLADA,Cierre por estrategia de IA,2026-10-05 07:19:25,2026-10-05 07:19:25,2 min
TR-0588,BINANCE,CRYPTO,LINK,Chainlink / USD,COMPRA / VENTA,0.5489,14.18,14.15,7.78,-0.01,-0.17,PÉRDIDA CONTROLADA,Cierre por estrategia de IA,2026-10-05 05:18:10,2026-10-05 05:18:10,2 min
TR-0587,BINANCE,CRYPTO,NEAR,NEAR Protocol,COMPRA / VENTA,2.0076,4.98,5.11,10.0,0.25,2.55,GANANCIA,Cierre por estrategia de IA,2026-10-05 03:29:07,2026-10-05 03:29:07,2 min
TR-0586,BINANCE,CRYPTO,NEAR,NEAR Protocol,COMPRA / VENTA,1.7657,4.92,4.86,8.68,-0.11,-1.24,PÉRDIDA CONTROLADA,Cierre por estrategia de IA,2026-10-04 23:12:01,2026-10-04 23:12:01,2 min
TR-0585,BINANCE,CRYPTO,LINK,Chainlink / USD,COMPRA / VENTA,0.5561,14.3,14.13,7.95,-0.09,-1.17,PÉRDIDA CONTROLADA,Cierre por estrategia de IA,2026-10-04 23:12:01,2026-10-04 23:12:01,2 min
TR-0584,BINANCE,CRYPTO,AVAX,Avalanche / USD,COMPRA / VENTA,0.7873,11.08,10.95,8.72,-0.1,-1.15,PÉRDIDA CONTROLADA,Cierre por estrategia de IA,2026-10-04 20:34:13,2026-10-04 20:34:13,2 min
TR-0583,BINANCE,CRYPTO,AVAX,Avalanche / USD,COMPRA / VENTA,0.7864,11.09,11.1,8.72,0.01,0.11,GANANCIA,Cierre por estrategia de IA,2026-10-04 18:34:38,2026-10-04 18:34:38,2 min
TR-0582,BINANCE,CRYPTO,NEAR,NEAR Protocol,COMPRA / VENTA,1.7581,4.96,4.96,8.72,0.0,0.0,EMPATE,Cierre por estrategia de IA,2026-10-04 18:01:04,2026-10-04 18:01:04,2 min
TR-0581,BINANCE,CRYPTO,NEAR,NEAR Protocol,COMPRA / VENTA,1.7584,4.96,4.96,8.72,0.0,0.02,EMPATE,Cierre por estrategia de IA,2026-10-04 17:43:59,2026-10-04 17:43:59,2 min
TR-0580,BINANCE,CRYPTO,NEAR,NEAR Protocol,COMPRA / VENTA,1.998,5.0,4.94,10.0,-0.13,-1.3,PÉRDIDA CONTROLADA,Cierre por estrategia de IA,2026-10-04 17:35:02,2026-10-04 17:35:02,2 min
TR-0579,BINANCE,CRYPTO,AVAX,Avalanche / USD,COMPRA / VENTA,0.7171,11.09,11.1,7.95,0.01,0.11,GANANCIA,Cierre por estrategia de IA,2026-10-04 17:16:41,2026-10-04 17:16:41,2 min
TR-0578,BINANCE,CRYPTO,LINK,Chainlink / USD,COMPRA / VENTA,0.7005,14.28,14.29,10.0,0.01,0.08,GANANCIA,Cierre por estrategia de IA,2026-10-04 17:06:58,2026-10-04 17:06:58,2 min
TR-0577,BINANCE,CRYPTO,AVAX,Avalanche / USD,COMPRA / VENTA,0.763,11.09,11.1,8.46,0.01,0.11,GANANCIA,Cierre por estrategia de IA,2026-10-04 17:05:06,2026-10-04 17:05:06,2 min
TR-0576,BINANCE,CRYPTO,NEAR,NEAR Protocol,COMPRA / VENTA,1.7651,4.95,5.01,8.73,0.11,1.21,GANANCIA,Cierre por estrategia de IA,2026-10-04 17:04:31,2026-10-04 17:04:31,2 min
TR-0575,BINANCE,CRYPTO,LINK,Chainlink / USD,COMPRA / VENTA,0.573,14.03,14.29,8.04,0.15,1.81,GANANCIA,Cierre por estrategia de IA,2026-10-04 17:02:22,2026-10-04 17:02:22,2 min
TR-0574,BINANCE,CRYPTO,NEAR,NEAR Protocol,COMPRA / VENTA,1.7666,4.97,4.91,8.78,-0.11,-1.21,PÉRDIDA CONTROLADA,Cierre por estrategia de IA,2026-10-04 16:22:31,2026-10-04 16:22:31,2 min
TR-0573,BINANCE,CRYPTO,AVAX,Avalanche / USD,COMPRA / VENTA,0.7936,11.06,11.07,8.78,0.01,0.05,GANANCIA,Cierre por estrategia de IA,2026-10-04 15:42:42,2026-10-04 15:42:42,2 min
TR-0572,BINANCE,CRYPTO,NEAR,NEAR Protocol,COMPRA / VENTA,1.7691,4.96,4.97,8.78,0.01,0.14,GANANCIA,Cierre por estrategia de IA,2026-10-04 15:25:54,2026-10-04 15:25:54,2 min
TR-0571,BINANCE,CRYPTO,NEAR,NEAR Protocol,COMPRA / VENTA,1.7684,4.96,4.97,8.78,0.01,0.1,GANANCIA,Cierre por estrategia de IA,2026-10-04 15:13:40,2026-10-04 15:13:40,2 min
TR-0570,BINANCE,CRYPTO,AVAX,Avalanche / USD,COMPRA / VENTA,0.7919,11.09,11.1,8.78,0.01,0.11,GANANCIA,Cierre por estrategia de IA,2026-10-04 14:39:23,2026-10-04 14:39:23,2 min
TR-0569,BINANCE,CRYPTO,NEAR,NEAR Protocol,COMPRA / VENTA,1.8092,4.88,4.82,8.82,-0.1,-1.13,PÉRDIDA CONTROLADA,Cierre por estrategia de IA,2026-10-04 10:53:22,2026-10-04 10:53:22,2 min
TR-0568,BINANCE,CRYPTO,NEAR,NEAR Protocol,COMPRA / VENTA,1.8212,4.84,4.86,8.82,0.02,0.27,GANANCIA,Cierre por estrategia de IA,2026-10-04 07:58:47,2026-10-04 07:58:47,2 min
TR-0567,BINANCE,CRYPTO,NEAR,NEAR Protocol,COMPRA / VENTA,2.0833,4.8,4.8,10.0,-0.01,-0.06,PÉRDIDA CONTROLADA,Cierre por estrategia de IA,2026-10-03 23:07:24,2026-10-03 23:07:24,2 min
TR-0566,BINANCE,CRYPTO,LINK,Chainlink / USD,COMPRA / VENTA,0.573,14.03,14.03,8.04,0.0,-0.01,EMPATE,Cierre por estrategia de IA,2026-10-03 22:51:55,2026-10-03 22:51:55,2 min
TR-0565,BINANCE,CRYPTO,LINK,Chainlink / USD,COMPRA / VENTA,0.6067,14.04,14.03,8.52,-0.01,-0.13,PÉRDIDA CONTROLADA,Cierre por estrategia de IA,2026-10-03 21:29:18,2026-10-03 21:29:18,2 min
TR-0564,BINANCE,CRYPTO,NEAR,NEAR Protocol,COMPRA / VENTA,1.8705,4.71,4.83,8.81,0.22,2.46,GANANCIA,Cierre por estrategia de IA,2026-10-03 21:29:18,2026-10-03 21:29:18,2 min
TR-0563,BINANCE,CRYPTO,LINK,Chainlink / USD,COMPRA / VENTA,0.5841,13.83,14.06,8.08,0.13,1.66,GANANCIA,Cierre por estrategia de IA,2026-10-03 16:00:29,2026-10-03 16:00:29,2 min
TR-0562,BINANCE,CRYPTO,NEAR,NEAR Protocol,COMPRA / VENTA,1.8737,4.7,4.71,8.81,0.02,0.17,GANANCIA,Cierre por estrategia de IA,2026-10-03 14:07:36,2026-10-03 14:07:36,2 min
TR-0561,BINANCE,CRYPTO,NEAR,NEAR Protocol,COMPRA / VENTA,1.895,4.65,4.7,8.81,0.09,1.08,GANANCIA,Cierre por estrategia de IA,2026-10-03 14:02:49,2026-10-03 14:02:49,2 min
TR-0560,BINANCE,CRYPTO,NEAR,NEAR Protocol,COMPRA / VENTA,1.8926,4.66,4.66,8.81,0.01,0.11,GANANCIA,Cierre por estrategia de IA,2026-10-03 13:31:05,2026-10-03 13:31:05,2 min
TR-0559,BINANCE,CRYPTO,NEAR,NEAR Protocol,COMPRA / VENTA,1.8738,4.72,4.67,8.85,-0.1,-1.12,PÉRDIDA CONTROLADA,Cierre por estrategia de IA,2026-10-03 13:16:52,2026-10-03 13:16:52,2 min
TR-0558,BINANCE,CRYPTO,NEAR,NEAR Protocol,COMPRA / VENTA,1.8983,4.66,4.67,8.85,0.02,0.17,GANANCIA,Cierre por estrategia de IA,2026-10-03 12:07:50,2026-10-03 12:07:50,2 min
TR-0557,BINANCE,CRYPTO,NEAR,NEAR Protocol,COMPRA / VENTA,1.9024,4.65,4.66,8.85,0.01,0.11,GANANCIA,Cierre por estrategia de IA,2026-10-03 12:02:01,2026-10-03 12:02:01,2 min
TR-0556,BINANCE,CRYPTO,NEAR,NEAR Protocol,COMPRA / VENTA,2.1529,4.64,4.65,10.0,0.01,0.11,GANANCIA,Cierre por estrategia de IA,2026-10-03 11:49:11,2026-10-03 11:49:11,2 min
TR-0555,BINANCE,CRYPTO,AVAX,Avalanche / USD,COMPRA / VENTA,0.9184,10.89,11.11,10.0,0.2,2.0,GANANCIA,Cierre por estrategia de IA,2026-10-03 07:52:58,2026-10-03 07:52:58,2 min
TR-0554,ALPACA,TRADFI_STOCK,TSLA,Tesla Motors,COMPRA / VENTA,0.0484,372.05,370.68,18.01,-0.07,-0.37,PÉRDIDA CONTROLADA,Cierre por estrategia de IA,2026-10-02 14:58:17,2026-10-02 14:58:17,2 min
TR-0553,BINANCE,CRYPTO,LINK,Chainlink / USD,COMPRA / VENTA,0.5897,14.4,13.66,8.49,-0.44,-5.13,PÉRDIDA CONTROLADA,Cierre por estrategia de IA,2026-10-02 13:57:18,2026-10-02 13:57:18,2 min
TR-0552,ALPACA,ETF,SPCX,Space Exploration ETF,COMPRA / VENTA,0.1134,157.04,158.55,17.81,0.17,0.96,GANANCIA,Cierre por estrategia de IA,2026-10-02 12:56:15,2026-10-02 12:56:15,2 min
TR-0551,BINANCE,CRYPTO,AVAX,Avalanche / USD,COMPRA / VENTA,0.7769,11.07,11.09,8.6,0.01,0.14,GANANCIA,Cierre por estrategia de IA,2026-10-02 11:55:13,2026-10-02 11:55:13,2 min
TR-0550,ALPACA,TRADFI_STOCK,INTC,Intel Corporation,COMPRA / VENTA,0.1937,125.11,122.38,24.23,-0.52,-2.18,PÉRDIDA CONTROLADA,Cierre por estrategia de IA,2026-10-02 10:54:13,2026-10-02 10:54:13,2 min
TR-0549,ALPACA,TRADFI_STOCK,GOOGL,Alphabet (Google),COMPRA / VENTA,0.0713,343.54,341.57,24.49,-0.14,-0.57,PÉRDIDA CONTROLADA,Cierre por estrategia de IA,2026-10-02 10:54:13,2026-10-02 10:54:13,2 min
TR-0548,ALPACA,ETF,SPCX,Space Exploration ETF,COMPRA / VENTA,0.1691,156.03,157.62,26.39,0.26,1.02,GANANCIA,Cierre por estrategia de IA,2026-10-02 09:53:10,2026-10-02 09:53:10,2 min
TR-0547,ALPACA,TRADFI_STOCK,INTC,Intel Corporation,COMPRA / VENTA,0.1332,120.36,123.78,16.03,0.46,2.84,GANANCIA,Cierre por estrategia de IA,2026-10-02 08:52:09,2026-10-02 08:52:09,2 min
TR-0546,ALPACA,TRADFI_STOCK,NVDA,NVIDIA Corp.,COMPRA / VENTA,0.0984,231.63,237.21,22.79,0.55,2.41,GANANCIA,Cierre por estrategia de IA,2026-10-02 08:52:09,2026-10-02 08:52:09,2 min
TR-0545,ALPACA,ETF,SPY,SPDR S&P 500 ETF Trust,COMPRA / VENTA,0.0554,763.61,771.31,42.3,0.43,1.01,GANANCIA,Cierre por estrategia de IA,2026-10-02 08:52:08,2026-10-02 08:52:08,2 min
TR-0544,BINANCE,CRYPTO,BTC,Bitcoin / USD,COMPRA / VENTA,0.0001,84339.0,86042.72,8.43,0.17,2.02,GANANCIA,Cierre por estrategia de IA,2026-10-02 01:04:09,2026-10-02 01:04:09,2 min
TR-0543,ALPACA,TRADFI_STOCK,SNDK,SanDisk Corp.,COMPRA / VENTA,0.0092,1779.75,1780.9,16.37,0.01,0.06,GANANCIA,Cierre por estrategia de IA,2026-10-01 16:04:27,2026-10-01 16:04:27,2 min
TR-0542,ALPACA,ETF,SPCX,Space Exploration ETF,COMPRA / VENTA,0.0958,150.28,148.1,14.4,-0.21,-1.45,PÉRDIDA CONTROLADA,Cierre por estrategia de IA,2026-10-01 16:04:25,2026-10-01 16:04:25,2 min
TR-0541,ALPACA,TRADFI_STOCK,MU,Micron Technology,COMPRA / VENTA,0.01,1078.29,1088.08,10.78,0.1,0.91,GANANCIA,Cierre por estrategia de IA,2026-10-01 14:20:09,2026-10-01 14:20:09,2 min
TR-0540,ALPACA,TRADFI_STOCK,INTC,Intel Corporation,COMPRA / VENTA,0.167,120.16,120.24,20.07,0.01,0.07,GANANCIA,Cierre por estrategia de IA,2026-10-01 14:17:30,2026-10-01 14:17:30,2 min
TR-0539,ALPACA,TRADFI_STOCK,SNDK,SanDisk Corp.,COMPRA / VENTA,0.0105,1768.06,1788.46,18.56,0.22,1.15,GANANCIA,Cierre por estrategia de IA,2026-10-01 12:25:19,2026-10-01 12:25:19,2 min
TR-0538,ALPACA,TRADFI_STOCK,SNDK,SanDisk Corp.,COMPRA / VENTA,0.0099,1746.74,1762.39,17.29,0.16,0.9,GANANCIA,Cierre por estrategia de IA,2026-10-01 11:47:02,2026-10-01 11:47:02,2 min
TR-0537,ALPACA,ETF,SPCX,Space Exploration ETF,COMPRA / VENTA,0.0992,150.89,150.95,14.97,0.0,0.04,EMPATE,Cierre por estrategia de IA,2026-10-01 11:20:01,2026-10-01 11:20:01,2 min
TR-0536,ALPACA,TRADFI_STOCK,INTC,Intel Corporation,COMPRA / VENTA,0.1663,118.65,119.75,19.73,0.19,0.93,GANANCIA,Cierre por estrategia de IA,2026-10-01 10:56:01,2026-10-01 10:56:01,2 min
TR-0535,ALPACA,ETF,SPCX,Space Exploration ETF,COMPRA / VENTA,0.0934,152.66,150.56,14.26,-0.2,-1.37,PÉRDIDA CONTROLADA,Cierre por estrategia de IA,2026-10-01 10:37:01,2026-10-01 10:37:01,2 min
TR-0534,ALPACA,TRADFI_STOCK,NVDA,NVIDIA Corp.,COMPRA / VENTA,0.0778,228.92,229.75,17.81,0.06,0.36,GANANCIA,Cierre por estrategia de IA,2026-10-01 10:35:00,2026-10-01 10:35:00,2 min
TR-0533,ALPACA,TRADFI_STOCK,MU,Micron Technology,COMPRA / VENTA,0.0093,1047.09,1046.61,9.74,-0.01,-0.05,PÉRDIDA CONTROLADA,Cierre por estrategia de IA,2026-10-01 10:22:02,2026-10-01 10:22:02,2 min
TR-0532,ALPACA,TRADFI_STOCK,SNDK,SanDisk Corp.,COMPRA / VENTA,0.0102,1748.88,1717.49,17.84,-0.32,-1.79,PÉRDIDA CONTROLADA,Cierre por estrategia de IA,2026-10-01 10:09:01,2026-10-01 10:09:01,2 min
TR-0531,ALPACA,ETF,SPCX,Space Exploration ETF,COMPRA / VENTA,0.1267,152.62,152.72,19.34,0.01,0.07,GANANCIA,Cierre por estrategia de IA,2026-10-01 10:07:01,2026-10-01 10:07:01,2 min
TR-0530,ALPACA,TRADFI_STOCK,INTC,Intel Corporation,COMPRA / VENTA,0.1828,119.37,119.36,21.82,0.0,-0.01,EMPATE,Cierre por estrategia de IA,2026-10-01 10:02:01,2026-10-01 10:02:01,2 min
TR-0529,ALPACA,TRADFI_STOCK,NVDA,NVIDIA Corp.,COMPRA / VENTA,0.1225,228.96,229.09,28.05,0.01,0.06,GANANCIA,Cierre por estrategia de IA,2026-10-01 09:59:01,2026-10-01 09:59:01,2 min
TR-0528,ALPACA,ETF,SPCX,Space Exploration ETF,COMPRA / VENTA,0.1261,150.78,152.27,19.01,0.19,0.99,GANANCIA,Cierre por estrategia de IA,2026-10-01 08:36:13,2026-10-01 08:36:13,2 min
TR-0527,ALPACA,TRADFI_STOCK,INTC,Intel Corporation,COMPRA / VENTA,0.2828,119.91,117.69,33.91,-0.63,-1.85,PÉRDIDA CONTROLADA,Cierre por estrategia de IA,2026-10-01 08:36:13,2026-10-01 08:36:13,2 min
TR-0526,BINANCE,CRYPTO,NEAR,NEAR Protocol,COMPRA / VENTA,1.6009,5.37,5.5,8.6,0.2,2.36,GANANCIA,Cierre por estrategia de IA,2026-10-01 01:22:29,2026-10-01 01:22:29,2 min
TR-0525,BINANCE,CRYPTO,NEAR,NEAR Protocol,COMPRA / VENTA,1.6525,5.3,5.43,8.76,0.21,2.45,GANANCIA,Cierre por estrategia de IA,2026-09-30 22:54:31,2026-09-30 22:54:31,2 min
TR-0524,BINANCE,CRYPTO,LINK,Chainlink / USD,COMPRA / VENTA,0.5636,14.34,14.36,8.08,0.01,0.15,GANANCIA,Cierre por estrategia de IA,2026-09-30 20:37:40,2026-09-30 20:37:40,2 min
TR-0523,BINANCE,CRYPTO,AVAX,Avalanche / USD,COMPRA / VENTA,0.8051,10.88,10.9,8.76,0.01,0.17,GANANCIA,Cierre por estrategia de IA,2026-09-30 19:23:32,2026-09-30 19:23:32,2 min
TR-0522,BINANCE,CRYPTO,NEAR,NEAR Protocol,COMPRA / VENTA,1.6474,5.37,5.25,8.85,-0.21,-2.36,PÉRDIDA CONTROLADA,Cierre por estrategia de IA,2026-09-30 17:05:46,2026-09-30 17:05:46,2 min
TR-0521,BINANCE,CRYPTO,NEAR,NEAR Protocol,COMPRA / VENTA,1.8762,5.33,5.39,10.0,0.11,1.14,GANANCIA,Cierre por estrategia de IA,2026-09-30 16:04:56,2026-09-30 16:04:56,2 min
TR-0520,BINANCE,CRYPTO,NEAR,NEAR Protocol,COMPRA / VENTA,1.8818,5.31,5.37,10.0,0.11,1.11,GANANCIA,Cierre por estrategia de IA,2026-09-30 15:23:39,2026-09-30 15:23:39,2 min
TR-0519,ALPACA,TRADFI_STOCK,INTC,Intel Corporation,COMPRA / VENTA,0.2839,119.48,119.91,33.92,0.12,0.36,GANANCIA,Cierre por estrategia de IA,2026-09-30 15:07:01,2026-09-30 15:07:01,2 min
TR-0518,ALPACA,TRADFI_STOCK,GOOGL,Alphabet (Google),COMPRA / VENTA,0.0584,351.55,344.25,20.53,-0.43,-2.08,PÉRDIDA CONTROLADA,Cierre por estrategia de IA,2026-09-30 14:53:00,2026-09-30 14:53:00,2 min
TR-0517,ALPACA,TRADFI_STOCK,SNDK,SanDisk Corp.,COMPRA / VENTA,0.0097,1738.4,1743.86,16.86,0.06,0.31,GANANCIA,Cierre por estrategia de IA,2026-09-30 14:52:02,2026-09-30 14:52:02,2 min
TR-0516,BINANCE,CRYPTO,NEAR,NEAR Protocol,COMPRA / VENTA,1.8584,5.38,5.39,10.0,0.02,0.17,GANANCIA,Cierre por estrategia de IA,2026-09-30 14:50:42,2026-09-30 14:50:42,2 min
TR-0515,ALPACA,ETF,SPCX,Space Exploration ETF,COMPRA / VENTA,0.1355,151.41,151.42,20.52,0.0,0.01,EMPATE,Cierre por estrategia de IA,2026-09-30 14:04:30,2026-09-30 14:04:30,2 min
TR-0514,BINANCE,CRYPTO,NEAR,NEAR Protocol,COMPRA / VENTA,1.8255,5.48,5.49,10.0,0.02,0.2,GANANCIA,Cierre por estrategia de IA,2026-09-30 11:48:29,2026-09-30 11:48:29,2 min
TR-0513,BINANCE,CRYPTO,LINK,Chainlink / USD,COMPRA / VENTA,0.5567,14.44,14.47,8.04,0.01,0.18,GANANCIA,Cierre por estrategia de IA,2026-09-30 11:44:26,2026-09-30 11:44:26,2 min
TR-0512,BINANCE,CRYPTO,NEAR,NEAR Protocol,COMPRA / VENTA,1.846,5.42,5.44,10.0,0.05,0.48,GANANCIA,Cierre por estrategia de IA,2026-09-30 11:44:26,2026-09-30 11:44:26,2 min
TR-0511,BINANCE,CRYPTO,NEAR,NEAR Protocol,COMPRA / VENTA,1.8498,5.41,5.43,10.0,0.04,0.39,GANANCIA,Cierre por estrategia de IA,2026-09-30 11:38:45,2026-09-30 11:38:45,2 min
TR-0510,BINANCE,CRYPTO,AVAX,Avalanche / USD,COMPRA / VENTA,0.8032,10.86,11.01,8.72,0.12,1.4,GANANCIA,Cierre por estrategia de IA,2026-09-30 11:04:06,2026-09-30 11:04:06,2 min
TR-0509,BINANCE,CRYPTO,LINK,Chainlink / USD,COMPRA / VENTA,0.5975,14.12,14.3,8.44,0.1,1.22,GANANCIA,Cierre por estrategia de IA,2026-09-30 10:50:04,2026-09-30 10:50:04,2 min
TR-0508,BINANCE,CRYPTO,LINK,Chainlink / USD,COMPRA / VENTA,0.5667,14.12,14.14,8.0,0.01,0.16,GANANCIA,Cierre por estrategia de IA,2026-09-30 10:24:51,2026-09-30 10:24:51,2 min
TR-0507,BINANCE,CRYPTO,NEAR,NEAR Protocol,COMPRA / VENTA,1.6585,5.31,5.19,8.8,-0.19,-2.19,PÉRDIDA CONTROLADA,Cierre por estrategia de IA,2026-09-30 10:19:05,2026-09-30 10:19:05,2 min
TR-0506,ALPACA,TRADFI_STOCK,INTC,Intel Corporation,COMPRA / VENTA,0.3222,118.39,118.5,38.15,0.03,0.09,GANANCIA,Cierre por estrategia de IA,2026-09-30 10:05:02,2026-09-30 10:05:02,2 min
TR-0505,BINANCE,CRYPTO,NEAR,NEAR Protocol,COMPRA / VENTA,1.9048,5.25,5.26,10.0,0.02,0.17,GANANCIA,Cierre por estrategia de IA,2026-09-30 09:58:54,2026-09-30 09:58:54,2 min
TR-0504,ALPACA,TRADFI_STOCK,SNDK,SanDisk Corp.,COMPRA / VENTA,0.0101,1741.81,1740.52,17.59,-0.01,-0.07,PÉRDIDA CONTROLADA,Cierre por estrategia de IA,2026-09-30 09:34:01,2026-09-30 09:34:01,2 min
TR-0503,BINANCE,CRYPTO,LINK,Chainlink / USD,COMPRA / VENTA,0.5542,14.43,14.25,8.0,-0.1,-1.28,PÉRDIDA CONTROLADA,Cierre por estrategia de IA,2026-09-30 09:23:05,2026-09-30 09:23:05,2 min
TR-0502,BINANCE,CRYPTO,NEAR,NEAR Protocol,COMPRA / VENTA,1.8727,5.34,5.25,10.0,-0.17,-1.7,PÉRDIDA CONTROLADA,Cierre por estrategia de IA,2026-09-30 09:23:05,2026-09-30 09:23:05,2 min
TR-0501,ALPACA,TRADFI_STOCK,INTC,Intel Corporation,COMPRA / VENTA,0.2866,118.33,118.45,33.91,0.04,0.1,GANANCIA,Cierre por estrategia de IA,2026-09-30 09:23:01,2026-09-30 09:23:01,2 min
TR-0501,BINANCE,CRYPTO,NEAR,NEAR Protocol,COMPRA / VENTA,2.0056,4.99,4.88,10.0,-0.22,-2.17,PÉRDIDA CONTROLADA,Cierre por estrategia de IA,2026-09-29 18:41:10,2026-09-29 18:41:10,2 min
TR-0501,ALPACA,TRADFI_STOCK,GOOGL,Alphabet (Google),COMPRA / VENTA,0.1467,340.74,340.74,49.99,0.0,0.0,EMPATE,Cierre por estrategia de IA,2026-09-29 17:45:08,2026-09-29 17:45:08,2 min
TR-0501,ALPACA,ETF,SPCX,Space Exploration ETF,COMPRA / VENTA,0.335,149.27,149.27,50.01,0.0,0.0,EMPATE,Cierre por estrategia de IA,2026-09-29 17:45:08,2026-09-29 17:45:08,2 min
TR-0501,ALPACA,TRADFI_STOCK,SNDK,SanDisk Corp.,COMPRA / VENTA,0.0289,1729.4,1729.4,49.98,0.0,0.0,EMPATE,Cierre por estrategia de IA,2026-09-29 17:45:07,2026-09-29 17:45:07,2 min
TR-0501,ALPACA,TRADFI_STOCK,INTC,Intel Corporation,COMPRA / VENTA,0.4312,115.97,115.97,50.0,0.0,0.0,EMPATE,Cierre por estrategia de IA,2026-09-29 17:45:07,2026-09-29 17:45:07,2 min
TR-0501,ALPACA,TRADFI_STOCK,NVDA,NVIDIA Corp.,COMPRA / VENTA,0.22,227.24,227.24,49.99,0.0,0.0,EMPATE,Cierre por estrategia de IA,2026-09-29 17:40:39,2026-09-29 17:40:39,2 min
TR-0501,ALPACA,TRADFI_STOCK,GOOGL,Alphabet (Google),COMPRA / VENTA,0.1466,341.0,340.74,49.99,-0.04,-0.08,PÉRDIDA CONTROLADA,Cierre por estrategia de IA,2026-09-29 15:44:47,2026-09-29 15:44:47,2 min
TR-0501,ALPACA,ETF,SPCX,Space Exploration ETF,COMPRA / VENTA,0.3356,148.98,149.27,50.0,0.1,0.19,GANANCIA,Cierre por estrategia de IA,2026-09-29 15:44:47,2026-09-29 15:44:47,2 min
TR-0501,BINANCE,CRYPTO,NEAR,NEAR Protocol,COMPRA / VENTA,1.7496,5.14,5.03,9.0,-0.2,-2.22,PÉRDIDA CONTROLADA,Cierre por estrategia de IA,2026-09-29 14:46:10,2026-09-29 14:46:10,2 min
TR-0501,BINANCE,CRYPTO,NEAR,NEAR Protocol,COMPRA / VENTA,1.8189,4.82,5.16,8.76,0.62,7.04,GANANCIA,Cierre por estrategia de IA,2026-09-29 14:04:31,2026-09-29 14:04:31,2 min
TR-0501,ALPACA,TRADFI_STOCK,NVDA,NVIDIA Corp.,COMPRA / VENTA,0.2181,229.29,228.36,50.01,-0.2,-0.41,PÉRDIDA CONTROLADA,Cierre por estrategia de IA,2026-09-29 13:57:50,2026-09-29 13:57:50,2 min
TR-0501,ALPACA,TRADFI_STOCK,GOOGL,Alphabet (Google),COMPRA / VENTA,0.1474,339.24,340.52,50.0,0.19,0.38,GANANCIA,Cierre por estrategia de IA,2026-09-29 13:57:50,2026-09-29 13:57:50,2 min
TR-0501,ALPACA,TRADFI_STOCK,INTC,Intel Corporation,COMPRA / VENTA,0.4288,116.61,116.48,50.0,-0.05,-0.11,PÉRDIDA CONTROLADA,Cierre por estrategia de IA,2026-09-29 13:57:49,2026-09-29 13:57:49,2 min
TR-0501,BINANCE,CRYPTO,NEAR,NEAR Protocol,COMPRA / VENTA,1.865,4.76,4.84,8.87,0.15,1.72,GANANCIA,Cierre por estrategia de IA,2026-09-29 12:49:43,2026-09-29 12:49:43,2 min
TR-0501,ALPACA,TRADFI_STOCK,INTC,Intel Corporation,COMPRA / VENTA,0.4296,116.38,116.45,49.99,0.04,0.06,GANANCIA,Cierre por estrategia de IA,2026-09-29 12:23:21,2026-09-29 12:23:21,2 min
TR-0501,ALPACA,TRADFI_STOCK,SNDK,SanDisk Corp.,COMPRA / VENTA,0.0292,1712.86,1709.31,50.02,-0.11,-0.21,PÉRDIDA CONTROLADA,Cierre por estrategia de IA,2026-09-29 12:23:20,2026-09-29 12:23:20,2 min
TR-0501,BINANCE,CRYPTO,SOL,Solana / USD,COMPRA / VENTA,0.06834,117.06,119.17,8.0,0.14,1.8,GANANCIA,Cierre por estrategia de IA,2026-09-29 10:13:34,2026-09-29 10:13:34,2 min
TR-0501,ALPACA,TRADFI_STOCK,INTC,Intel Corporation,COMPRA / VENTA,43.2451,115.62,114.59,5000.0,-44.54,-0.89,PÉRDIDA CONTROLADA,Cierre por estrategia de IA,2026-09-29 08:41:01,2026-09-29 08:41:01,2 min
TR-0501,ALPACA,TRADFI_STOCK,SNDK,SanDisk Corp.,COMPRA / VENTA,2.922,1711.15,1706.74,4999.98,-12.89,-0.26,PÉRDIDA CONTROLADA,Cierre por estrategia de IA,2026-09-29 08:40:00,2026-09-29 08:40:00,2 min
TR-0501,ALPACA,TRADFI_STOCK,NVDA,NVIDIA Corp.,COMPRA / VENTA,21.5973,231.51,230.64,4999.99,-18.79,-0.38,PÉRDIDA CONTROLADA,Cierre por estrategia de IA,2026-09-29 08:36:02,2026-09-29 08:36:02,2 min
TR-0501,ALPACA,TRADFI_STOCK,AMD,Advanced Micro Devices,COMPRA / VENTA,8.1934,610.25,609.43,5000.02,-6.72,-0.13,PÉRDIDA CONTROLADA,Cierre por estrategia de IA,2026-09-29 08:36:01,2026-09-29 08:36:01,2 min
TR-0501,ALPACA,TRADFI_STOCK,NVDA,NVIDIA Corp.,COMPRA / VENTA,19.5435,230.9,231.88,4512.5,19.15,0.42,GANANCIA,Cierre por estrategia de IA,2026-09-29 08:32:01,2026-09-29 08:32:01,2 min
TR-0501,ALPACA,ETF,SPCX,Space Exploration ETF,COMPRA / VENTA,32.3239,146.95,146.57,4750.0,-12.29,-0.26,PÉRDIDA CONTROLADA,Cierre por estrategia de IA,2026-09-29 08:32:01,2026-09-29 08:32:01,2 min
TR-0501,ALPACA,TRADFI_STOCK,INTC,Intel Corporation,COMPRA / VENTA,42.7241,117.03,115.7,5000.0,-56.61,-1.13,PÉRDIDA CONTROLADA,Cierre por estrategia de IA,2026-09-29 08:32:01,2026-09-29 08:32:01,2 min
TR-0501,ALPACA,TRADFI_STOCK,SNDK,SanDisk Corp.,COMPRA / VENTA,2.9249,1709.44,1737.6,4999.94,82.37,1.65,GANANCIA,Cierre por estrategia de IA,2026-09-29 08:32:00,2026-09-29 08:32:00,2 min
TR-0501,BINANCE,CRYPTO,LINK,Chainlink / USD,COMPRA / VENTA,0.6732,14.85,15.12,10.0,0.18,1.78,GANANCIA,Cierre por estrategia de IA,2026-09-29 03:36:54,2026-09-29 03:36:54,2 min
TR-0501,ALPACA,TRADFI_STOCK,GOOGL,Alphabet (Google),COMPRA / VENTA,14.587,342.77,342.77,4999.99,0.0,0.0,EMPATE,Cierre por estrategia de IA,2026-09-28 21:02:35,2026-09-28 21:02:35,2 min
TR-0501,BINANCE,CRYPTO,AVAX,Avalanche / USD,COMPRA / VENTA,0.7601,10.53,10.55,8.0,0.02,0.2,GANANCIA,Cierre por estrategia de IA,2026-09-28 21:02:35,2026-09-28 21:02:35,2 min
TR-0501,BINANCE,CRYPTO,NEAR,NEAR Protocol,COMPRA / VENTA,2.1427,4.67,4.67,10.0,0.01,0.11,GANANCIA,Cierre por estrategia de IA,2026-09-28 21:02:35,2026-09-28 21:02:35,2 min
TR-0501,ALPACA,TRADFI_STOCK,INTC,Intel Corporation,COMPRA / VENTA,38.8607,116.12,116.12,4512.5,0.0,0.0,EMPATE,Cierre por estrategia de IA,2026-09-28 20:57:53,2026-09-28 20:57:53,2 min
TR-0501,ALPACA,TRADFI_STOCK,AMD,Advanced Micro Devices,COMPRA / VENTA,7.814,607.88,607.88,4749.97,0.0,0.0,EMPATE,Cierre por estrategia de IA,2026-09-28 20:57:53,2026-09-28 20:57:53,2 min
TR-0501,ALPACA,ETF,SPCX,Space Exploration ETF,COMPRA / VENTA,34.3477,145.57,145.57,4999.99,0.0,0.0,EMPATE,Cierre por estrategia de IA,2026-09-28 20:57:52,2026-09-28 20:57:52,2 min
TR-0501,ALPACA,TRADFI_STOCK,GOOGL,Alphabet (Google),COMPRA / VENTA,13.8577,342.77,342.77,4750.0,0.0,0.0,EMPATE,Cierre por estrategia de IA,2026-09-28 20:57:15,2026-09-28 20:57:15,2 min
TR-0501,ALPACA,TRADFI_STOCK,SNDK,SanDisk Corp.,COMPRA / VENTA,2.9249,1709.44,1709.44,4999.94,0.0,0.0,EMPATE,Cierre por estrategia de IA,2026-09-28 20:57:15,2026-09-28 20:57:15,2 min
TR-0501,ALPACA,TRADFI_STOCK,INTC,Intel Corporation,COMPRA / VENTA,36.9177,116.12,116.12,4286.88,0.0,0.0,EMPATE,Cierre por estrategia de IA,2026-09-28 20:54:15,2026-09-28 20:54:15,2 min
TR-0501,ALPACA,ETF,SPCX,Space Exploration ETF,COMPRA / VENTA,30.9988,145.57,145.57,4512.5,0.0,0.0,EMPATE,Cierre por estrategia de IA,2026-09-28 20:54:14,2026-09-28 20:54:14,2 min
TR-0501,ALPACA,TRADFI_STOCK,AMD,Advanced Micro Devices,COMPRA / VENTA,7.814,607.88,607.88,4749.97,0.0,0.0,EMPATE,Cierre por estrategia de IA,2026-09-28 20:54:14,2026-09-28 20:54:14,2 min
TR-0501,ALPACA,TRADFI_STOCK,NVDA,NVIDIA Corp.,COMPRA / VENTA,21.8446,228.89,228.89,5000.01,0.0,0.0,EMPATE,Cierre por estrategia de IA,2026-09-28 20:54:14,2026-09-28 20:54:14,2 min
TR-0501,SIMULATION,CRYPTO,AVAX,Avalanche / USD,COMPRA / VENTA,0.8088,10.72,10.52,8.67,-0.16,-1.9,PÉRDIDA CONTROLADA,Cierre por estrategia de IA,2026-09-28 20:29:06,2026-09-28 20:29:06,2 min
TR-0501,SIMULATION,CRYPTO,LINK,Chainlink / USD,COMPRA / VENTA,0.5663,15.56,15.26,8.81,-0.17,-1.92,PÉRDIDA CONTROLADA,Cierre por estrategia de IA,2026-09-28 20:29:04,2026-09-28 20:29:04,2 min
TR-0501,SIMULATION,CRYPTO,LINK,Chainlink / USD,COMPRA / VENTA,0.582,15.22,15.5,8.86,0.16,1.81,GANANCIA,Cierre por estrategia de IA,2026-09-28 19:52:15,2026-09-28 19:52:15,2 min
TR-0501,SIMULATION,CRYPTO,AVAX,Avalanche / USD,COMPRA / VENTA,0.7859,10.46,10.65,8.22,0.15,1.82,GANANCIA,Cierre por estrategia de IA,2026-09-28 19:24:13,2026-09-28 19:24:13,2 min
TR-0501,SIMULATION,CRYPTO,NEAR,NEAR Protocol,COMPRA / VENTA,1.8448,4.85,4.74,8.94,-0.2,-2.21,PÉRDIDA CONTROLADA,Cierre por estrategia de IA,2026-09-28 14:37:50,2026-09-28 14:37:50,2 min
TR-0501,SIMULATION,CRYPTO,NEAR,NEAR Protocol,COMPRA / VENTA,1.8196,4.96,4.85,9.02,-0.19,-2.16,PÉRDIDA CONTROLADA,Cierre por estrategia de IA,2026-09-28 14:08:57,2026-09-28 14:08:57,2 min
TR-0501,SIMULATION,CRYPTO,LINK,Chainlink / USD,COMPRA / VENTA,0.5975,15.06,15.14,9.0,0.04,0.5,GANANCIA,Cierre por estrategia de IA,2026-09-28 12:51:25,2026-09-28 12:51:25,2 min
TR-0501,SIMULATION,CRYPTO,NEAR,NEAR Protocol,COMPRA / VENTA,2.0623,4.85,4.94,10.0,0.19,1.86,GANANCIA,Cierre por estrategia de IA,2026-09-28 11:38:37,2026-09-28 11:38:37,2 min
TR-0501,SIMULATION,CRYPTO,LINK,Chainlink / USD,COMPRA / VENTA,0.5652,14.15,15.1,8.0,0.54,6.68,GANANCIA,Cierre por estrategia de IA,2026-09-28 11:37:11,2026-09-28 11:37:11,2 min
TR-0501,SIMULATION,TRADFI_STOCK,INTC,Intel Corporation,COMPRA / VENTA,0.0589,84.96,83.44,5.0,-0.09,-1.79,PÉRDIDA CONTROLADA,Cierre por estrategia de IA,2026-09-28 10:00:52,2026-09-28 10:00:52,2 min
TR-0501,SIMULATION,TRADFI_STOCK,INTC,Intel Corporation,COMPRA / VENTA,0.0585,85.44,85.02,5.0,-0.03,-0.49,PÉRDIDA CONTROLADA,Cierre por estrategia de IA,2026-09-28 10:00:34,2026-09-28 10:00:34,2 min
TR-0501,SIMULATION,TRADFI_STOCK,INTC,Intel Corporation,COMPRA / VENTA,0.059,84.74,84.91,5.0,0.01,0.2,GANANCIA,Cierre por estrategia de IA,2026-09-28 10:00:14,2026-09-28 10:00:14,2 min
TR-0501,SIMULATION,TRADFI_STOCK,INTC,Intel Corporation,COMPRA / VENTA,0.0573,87.2,85.78,5.0,-0.08,-1.63,PÉRDIDA CONTROLADA,Cierre por estrategia de IA,2026-09-28 09:59:08,2026-09-28 09:59:08,2 min
TR-0501,SIMULATION,CRYPTO,ETH,Ethereum / USD,COMPRA / VENTA,0.00188,2664.96,2665.35,5.01,0.0,0.01,EMPATE,Cierre por estrategia de IA,2026-09-28 09:59:08,2026-09-28 09:59:08,2 min
TR-0501,SIMULATION,TRADFI_STOCK,INTC,Intel Corporation,COMPRA / VENTA,0.0574,87.05,87.2,5.0,0.01,0.17,GANANCIA,Cierre por estrategia de IA,2026-09-28 09:59:05,2026-09-28 09:59:05,2 min
TR-0501,SIMULATION,TRADFI_STOCK,INTC,Intel Corporation,COMPRA / VENTA,0.0566,88.38,87.05,5.0,-0.07,-1.5,PÉRDIDA CONTROLADA,Cierre por estrategia de IA,2026-09-28 09:58:51,2026-09-28 09:58:51,2 min
TR-0501,SIMULATION,TRADFI_STOCK,INTC,Intel Corporation,COMPRA / VENTA,0.059,84.69,82.98,5.0,-0.1,-2.02,PÉRDIDA CONTROLADA,Cierre por estrategia de IA,2026-09-28 09:57:05,2026-09-28 09:57:05,2 min
TR-0501,SIMULATION,CRYPTO,ETH,Ethereum / USD,COMPRA / VENTA,0.00188,2663.21,2666.59,5.01,0.0,0.13,EMPATE,Cierre por estrategia de IA,2026-09-28 09:57:05,2026-09-28 09:57:05,2 min
TR-0501,SIMULATION,TRADFI_STOCK,INTC,Intel Corporation,COMPRA / VENTA,0.0581,86.07,84.43,5.0,-0.09,-1.91,PÉRDIDA CONTROLADA,Cierre por estrategia de IA,2026-09-28 09:56:22,2026-09-28 09:56:22,2 min
TR-0501,SIMULATION,CRYPTO,ETH,Ethereum / USD,COMPRA / VENTA,0.00188,2662.92,2661.76,5.01,-0.01,-0.04,PÉRDIDA CONTROLADA,Cierre por estrategia de IA,2026-09-28 09:56:22,2026-09-28 09:56:22,2 min
TR-0501,SIMULATION,TRADFI_STOCK,SPCX,Space Exploration ETF,COMPRA / VENTA,0.01035,1630.1,1609.0,16.87,-0.22,-1.29,PÉRDIDA CONTROLADA,Cierre por estrategia de IA,2026-09-28 09:55:02,2026-09-28 09:55:02,2 min
TR-0501,SIMULATION,TRADFI_STOCK,INTC,Intel Corporation,COMPRA / VENTA,0.0579,86.31,86.95,5.0,0.03,0.74,GANANCIA,Cierre por estrategia de IA,2026-09-28 09:55:02,2026-09-28 09:55:02,2 min
TR-0501,SIMULATION,CRYPTO,ETH,Ethereum / USD,COMPRA / VENTA,0.00188,2663.13,2662.4,5.01,0.0,-0.03,EMPATE,Cierre por estrategia de IA,2026-09-28 09:55:02,2026-09-28 09:55:02,2 min
TR-0501,SIMULATION,TRADFI_STOCK,AMD,Advanced Micro Devices,COMPRA / VENTA,0.00615,1114.6,1095.7,6.85,-0.11,-1.7,PÉRDIDA CONTROLADA,Cierre por estrategia de IA,2026-09-27 21:48:53,2026-09-27 21:48:53,2 min
TR-0501,SIMULATION,CRYPTO,ETH,Ethereum / USD,COMPRA / VENTA,0.00636,2671.81,2649.98,16.99,-0.14,-0.82,PÉRDIDA CONTROLADA,Cierre por estrategia de IA,2026-09-27 21:48:53,2026-09-27 21:48:53,2 min
TR-0501,SIMULATION,CRYPTO,LINK,Chainlink / USD,COMPRA / VENTA,0.359,13.93,14.08,5.0,0.05,1.1,GANANCIA,Cierre por estrategia de IA,2026-09-27 21:48:53,2026-09-27 21:48:53,2 min
TR-0501,SIMULATION,TRADFI_STOCK,GOOGL,Alphabet (Google),COMPRA / VENTA,0.01796,380.34,382.7,6.83,0.04,0.62,GANANCIA,Cierre por estrategia de IA,2026-09-27 21:48:40,2026-09-27 21:48:40,2 min
TR-0501,SIMULATION,CRYPTO,AVAX,Avalanche / USD,COMPRA / VENTA,0.4649,10.76,10.79,5.0,0.02,0.31,GANANCIA,Cierre por estrategia de IA,2026-09-27 21:47:49,2026-09-27 21:47:49,2 min
TR-0501,SIMULATION,CRYPTO,LINK,Chainlink / USD,COMPRA / VENTA,0.8312,14.29,13.96,11.88,-0.27,-2.29,PÉRDIDA CONTROLADA,Cierre por estrategia de IA,2026-09-27 16:36:43,2026-09-27 16:36:43,2 min
TR-0501,SIMULATION,CRYPTO,NEAR,NEAR Protocol,COMPRA / VENTA,2.2443,5.45,5.26,12.22,-0.4,-3.31,PÉRDIDA CONTROLADA,Cierre por estrategia de IA,2026-09-27 04:30:22,2026-09-27 04:30:22,2 min
TR-0501,SIMULATION,CRYPTO,NEAR,NEAR Protocol,COMPRA / VENTA,1.5626,4.85,5.45,7.58,0.93,12.24,GANANCIA,Cierre por estrategia de IA,2026-09-27 01:40:17,2026-09-27 01:40:17,2 min
TR-0501,SIMULATION,TRADFI_STOCK,INTC,Intel Corporation,COMPRA / VENTA,0.00015,34408.6,33810.2,5.16,-0.09,-1.74,PÉRDIDA CONTROLADA,Cierre por estrategia de IA,2026-09-26 15:53:08,2026-09-26 15:53:08,2 min
TR-0501,SIMULATION,TRADFI_STOCK,INTC,Intel Corporation,COMPRA / VENTA,0.00015,34822.6,34163.7,5.22,-0.1,-1.89,PÉRDIDA CONTROLADA,Cierre por estrategia de IA,2026-09-26 15:52:57,2026-09-26 15:52:57,2 min
TR-0501,SIMULATION,TRADFI_STOCK,INTC,Intel Corporation,COMPRA / VENTA,0.00015,35205.1,34822.6,5.28,-0.06,-1.09,PÉRDIDA CONTROLADA,Cierre por estrategia de IA,2026-09-26 15:52:41,2026-09-26 15:52:41,2 min
TR-0501,SIMULATION,TRADFI_STOCK,INTC,Intel Corporation,COMPRA / VENTA,0.00015,35692.8,34898.3,5.35,-0.12,-2.23,PÉRDIDA CONTROLADA,Cierre por estrategia de IA,2026-09-26 15:51:10,2026-09-26 15:51:10,2 min
TR-0501,SIMULATION,TRADFI_STOCK,INTC,Intel Corporation,COMPRA / VENTA,0.00015,36265.1,35562.8,5.44,-0.11,-1.94,PÉRDIDA CONTROLADA,Cierre por estrategia de IA,2026-09-26 15:51:02,2026-09-26 15:51:02,2 min
TR-0501,SIMULATION,TRADFI_STOCK,INTC,Intel Corporation,COMPRA / VENTA,0.00015,36049.1,36265.1,5.41,0.03,0.6,GANANCIA,Cierre por estrategia de IA,2026-09-26 15:50:51,2026-09-26 15:50:51,2 min
TR-0501,SIMULATION,TRADFI_STOCK,INTC,Intel Corporation,COMPRA / VENTA,0.00015,36131.2,36049.1,5.42,-0.01,-0.23,PÉRDIDA CONTROLADA,Cierre por estrategia de IA,2026-09-26 15:50:38,2026-09-26 15:50:38,2 min
TR-0501,SIMULATION,TRADFI_STOCK,INTC,Intel Corporation,COMPRA / VENTA,0.00015,34280.2,36131.2,5.14,0.28,5.4,GANANCIA,Cierre por estrategia de IA,2026-09-26 15:50:23,2026-09-26 15:50:23,2 min
TR-0501,SIMULATION,TRADFI_STOCK,INTC,Intel Corporation,COMPRA / VENTA,0.00015,35081.2,34444.6,5.26,-0.09,-1.81,PÉRDIDA CONTROLADA,Cierre por estrategia de IA,2026-09-26 15:49:16,2026-09-26 15:49:16,2 min
TR-0501,SIMULATION,TRADFI_STOCK,INTC,Intel Corporation,COMPRA / VENTA,0.00015,35290.6,34562.0,5.29,-0.11,-2.06,PÉRDIDA CONTROLADA,Cierre por estrategia de IA,2026-09-26 15:49:05,2026-09-26 15:49:05,2 min
TR-0501,SIMULATION,TRADFI_STOCK,INTC,Intel Corporation,COMPRA / VENTA,0.00015,35406.1,35290.6,5.31,-0.02,-0.33,PÉRDIDA CONTROLADA,Cierre por estrategia de IA,2026-09-26 15:49:02,2026-09-26 15:49:02,2 min
TR-0501,SIMULATION,TRADFI_STOCK,INTC,Intel Corporation,COMPRA / VENTA,0.00015,33949.2,35406.1,5.09,0.22,4.29,GANANCIA,Cierre por estrategia de IA,2026-09-26 15:48:22,2026-09-26 15:48:22,2 min
TR-0501,SIMULATION,TRADFI_STOCK,INTC,Intel Corporation,COMPRA / VENTA,0.00015,33940.8,33403.5,5.09,-0.08,-1.58,PÉRDIDA CONTROLADA,Cierre por estrategia de IA,2026-09-26 15:47:33,2026-09-26 15:47:33,2 min
TR-0501,SIMULATION,TRADFI_STOCK,INTC,Intel Corporation,COMPRA / VENTA,0.00016,34131.3,33508.7,5.46,-0.1,-1.82,PÉRDIDA CONTROLADA,Cierre por estrategia de IA,2026-09-26 15:41:18,2026-09-26 15:41:18,2 min
TR-0501,SIMULATION,TRADFI_STOCK,INTC,Intel Corporation,COMPRA / VENTA,0.00016,34077.0,34131.3,5.45,0.01,0.16,GANANCIA,Cierre por estrategia de IA,2026-09-26 15:41:11,2026-09-26 15:41:11,2 min
TR-0501,SIMULATION,TRADFI_STOCK,INTC,Intel Corporation,COMPRA / VENTA,0.00015,34194.7,34077.0,5.13,-0.02,-0.34,PÉRDIDA CONTROLADA,Cierre por estrategia de IA,2026-09-26 15:41:06,2026-09-26 15:41:06,2 min
TR-0501,SIMULATION,TRADFI_STOCK,INTC,Intel Corporation,COMPRA / VENTA,0.00016,34181.3,34194.7,5.47,0.0,0.04,EMPATE,Cierre por estrategia de IA,2026-09-26 15:40:58,2026-09-26 15:40:58,2 min
TR-0501,SIMULATION,TRADFI_STOCK,INTC,Intel Corporation,COMPRA / VENTA,0.00016,34123.5,34181.3,5.46,0.01,0.17,GANANCIA,Cierre por estrategia de IA,2026-09-26 15:40:38,2026-09-26 15:40:38,2 min
TR-0501,SIMULATION,CRYPTO,LINK,Chainlink / USD,COMPRA / VENTA,0.3481,14.36,14.04,5.0,-0.11,-2.26,PÉRDIDA CONTROLADA,Cierre por estrategia de IA,2026-09-26 15:39:51,2026-09-26 15:39:51,2 min
TR-0501,SIMULATION,TRADFI_STOCK,INTC,Intel Corporation,COMPRA / VENTA,0.00032,23346.7,23471.0,7.47,0.04,0.53,GANANCIA,Cierre por estrategia de IA,2026-09-26 14:59:53,2026-09-26 14:59:53,2 min
TR-0501,SIMULATION,TRADFI_STOCK,SNDK,SanDisk Corp.,COMPRA / VENTA,1e-05,797823.2,779741.3,7.98,-0.18,-2.27,PÉRDIDA CONTROLADA,Cierre por estrategia de IA,2026-09-26 14:59:18,2026-09-26 14:59:18,2 min
TR-0501,SIMULATION,TRADFI_STOCK,SNDK,SanDisk Corp.,COMPRA / VENTA,1e-05,791736.1,797823.2,7.92,0.06,0.77,GANANCIA,Cierre por estrategia de IA,2026-09-26 14:59:10,2026-09-26 14:59:10,2 min
TR-0501,SIMULATION,TRADFI_STOCK,INTC,Intel Corporation,COMPRA / VENTA,0.00033,23328.3,22972.4,7.7,-0.12,-1.53,PÉRDIDA CONTROLADA,Cierre por estrategia de IA,2026-09-26 14:58:54,2026-09-26 14:58:54,2 min
TR-0501,SIMULATION,TRADFI_STOCK,INTC,Intel Corporation,COMPRA / VENTA,0.00033,23360.8,23510.2,7.71,0.05,0.64,GANANCIA,Cierre por estrategia de IA,2026-09-26 14:58:18,2026-09-26 14:58:18,2 min
TR-0501,SIMULATION,TRADFI_STOCK,INTC,Intel Corporation,COMPRA / VENTA,0.00033,23226.6,23360.8,7.66,0.05,0.58,GANANCIA,Cierre por estrategia de IA,2026-09-26 14:57:49,2026-09-26 14:57:49,2 min
TR-0501,SIMULATION,TRADFI_STOCK,SNDK,SanDisk Corp.,COMPRA / VENTA,1e-05,774588.7,778308.1,7.75,0.03,0.48,GANANCIA,Cierre por estrategia de IA,2026-09-26 14:57:36,2026-09-26 14:57:36,2 min
TR-0501,SIMULATION,TRADFI_STOCK,SNDK,SanDisk Corp.,COMPRA / VENTA,1e-05,786818.7,774588.7,7.87,-0.12,-1.55,PÉRDIDA CONTROLADA,Cierre por estrategia de IA,2026-09-26 14:57:13,2026-09-26 14:57:13,2 min
TR-0501,SIMULATION,TRADFI_STOCK,SPCX,Space Exploration ETF,COMPRA / VENTA,3e-05,247657.0,258851.9,7.43,0.34,4.52,GANANCIA,Cierre por estrategia de IA,2026-09-26 14:56:51,2026-09-26 14:56:51,2 min
TR-0501,SIMULATION,TRADFI_STOCK,INTC,Intel Corporation,COMPRA / VENTA,0.00032,23263.6,23316.7,7.44,0.02,0.23,GANANCIA,Cierre por estrategia de IA,2026-09-26 14:56:08,2026-09-26 14:56:08,2 min
TR-0501,SIMULATION,TRADFI_STOCK,INTC,Intel Corporation,COMPRA / VENTA,0.00032,23391.4,23248.9,7.49,-0.05,-0.61,PÉRDIDA CONTROLADA,Cierre por estrategia de IA,2026-09-26 14:55:18,2026-09-26 14:55:18,2 min
TR-0501,SIMULATION,TRADFI_STOCK,INTC,Intel Corporation,COMPRA / VENTA,0.00031,24327.8,23877.7,7.54,-0.14,-1.85,PÉRDIDA CONTROLADA,Cierre por estrategia de IA,2026-09-26 14:54:31,2026-09-26 14:54:31,2 min
TR-0501,SIMULATION,TRADFI_STOCK,INTC,Intel Corporation,COMPRA / VENTA,0.00031,24497.0,24327.8,7.59,-0.05,-0.69,PÉRDIDA CONTROLADA,Cierre por estrategia de IA,2026-09-26 14:54:27,2026-09-26 14:54:27,2 min
TR-0501,SIMULATION,TRADFI_STOCK,INTC,Intel Corporation,COMPRA / VENTA,0.00031,23282.7,24497.0,7.22,0.37,5.22,GANANCIA,Cierre por estrategia de IA,2026-09-26 14:54:14,2026-09-26 14:54:14,2 min
TR-0501,SIMULATION,TRADFI_STOCK,INTC,Intel Corporation,COMPRA / VENTA,0.00032,22191.6,23282.7,7.1,0.35,4.92,GANANCIA,Cierre por estrategia de IA,2026-09-26 14:53:32,2026-09-26 14:53:32,2 min
TR-0501,SIMULATION,TRADFI_STOCK,INTC,Intel Corporation,COMPRA / VENTA,0.00032,22168.2,21819.9,7.09,-0.11,-1.57,PÉRDIDA CONTROLADA,Cierre por estrategia de IA,2026-09-26 14:53:13,2026-09-26 14:53:13,2 min
TR-0501,SIMULATION,TRADFI_STOCK,INTC,Intel Corporation,COMPRA / VENTA,0.00032,22349.7,22016.9,7.15,-0.1,-1.49,PÉRDIDA CONTROLADA,Cierre por estrategia de IA,2026-09-26 14:52:55,2026-09-26 14:52:55,2 min
TR-0501,SIMULATION,TRADFI_STOCK,INTC,Intel Corporation,COMPRA / VENTA,0.00032,22220.5,22349.7,7.11,0.04,0.58,GANANCIA,Cierre por estrategia de IA,2026-09-26 14:52:38,2026-09-26 14:52:38,2 min
TR-0501,SIMULATION,TRADFI_STOCK,INTC,Intel Corporation,COMPRA / VENTA,0.00032,22567.3,22220.5,7.22,-0.11,-1.54,PÉRDIDA CONTROLADA,Cierre por estrategia de IA,2026-09-26 14:51:56,2026-09-26 14:51:56,2 min
TR-0501,SIMULATION,TRADFI_STOCK,SPCX,Space Exploration ETF,COMPRA / VENTA,3e-05,243275.6,254984.9,7.3,0.35,4.81,GANANCIA,Cierre por estrategia de IA,2026-09-26 14:51:39,2026-09-26 14:51:39,2 min
TR-0501,SIMULATION,TRADFI_STOCK,INTC,Intel Corporation,COMPRA / VENTA,0.00031,22457.8,22601.5,6.96,0.05,0.64,GANANCIA,Cierre por estrategia de IA,2026-09-26 14:50:40,2026-09-26 14:50:40,2 min
TR-0501,SIMULATION,TRADFI_STOCK,SPCX,Space Exploration ETF,COMPRA / VENTA,3e-05,247428.8,243743.6,7.42,-0.11,-1.49,PÉRDIDA CONTROLADA,Cierre por estrategia de IA,2026-09-26 14:49:47,2026-09-26 14:49:47,2 min
TR-0501,SIMULATION,TRADFI_STOCK,SPCX,Space Exploration ETF,COMPRA / VENTA,3e-05,245486.1,247428.8,7.36,0.06,0.79,GANANCIA,Cierre por estrategia de IA,2026-09-26 14:49:34,2026-09-26 14:49:34,2 min
TR-0501,SIMULATION,TRADFI_STOCK,INTC,Intel Corporation,COMPRA / VENTA,0.00032,22174.7,22090.1,7.1,-0.03,-0.38,PÉRDIDA CONTROLADA,Cierre por estrategia de IA,2026-09-26 14:49:06,2026-09-26 14:49:06,2 min
TR-0501,SIMULATION,TRADFI_STOCK,INTC,Intel Corporation,COMPRA / VENTA,0.00032,21985.4,22023.4,7.04,0.01,0.17,GANANCIA,Cierre por estrategia de IA,2026-09-26 14:49:00,2026-09-26 14:49:00,2 min
TR-0501,SIMULATION,TRADFI_STOCK,INTC,Intel Corporation,COMPRA / VENTA,0.00032,21084.2,21985.4,6.75,0.29,4.27,GANANCIA,Cierre por estrategia de IA,2026-09-26 14:48:18,2026-09-26 14:48:18,2 min
TR-0501,SIMULATION,TRADFI_STOCK,INTC,Intel Corporation,COMPRA / VENTA,0.00032,21255.5,20895.9,6.8,-0.11,-1.69,PÉRDIDA CONTROLADA,Cierre por estrategia de IA,2026-09-26 14:46:59,2026-09-26 14:46:59,2 min
TR-0501,SIMULATION,TRADFI_STOCK,INTC,Intel Corporation,COMPRA / VENTA,0.00032,20983.1,21138.3,6.71,0.05,0.74,GANANCIA,Cierre por estrategia de IA,2026-09-26 14:46:54,2026-09-26 14:46:54,2 min
TR-0501,SIMULATION,TRADFI_STOCK,INTC,Intel Corporation,COMPRA / VENTA,0.00033,21202.8,20829.2,7.0,-0.13,-1.76,PÉRDIDA CONTROLADA,Cierre por estrategia de IA,2026-09-26 14:44:56,2026-09-26 14:44:56,2 min
TR-0501,SIMULATION,TRADFI_STOCK,INTC,Intel Corporation,COMPRA / VENTA,0.00033,21251.9,21202.8,7.01,-0.01,-0.23,PÉRDIDA CONTROLADA,Cierre por estrategia de IA,2026-09-26 14:44:45,2026-09-26 14:44:45,2 min
TR-0501,SIMULATION,TRADFI_STOCK,INTC,Intel Corporation,COMPRA / VENTA,0.00032,21634.1,21251.9,6.92,-0.12,-1.77,PÉRDIDA CONTROLADA,Cierre por estrategia de IA,2026-09-26 14:44:31,2026-09-26 14:44:31,2 min
TR-0501,SIMULATION,TRADFI_STOCK,INTC,Intel Corporation,COMPRA / VENTA,0.00033,20580.9,21634.1,6.79,0.35,5.12,GANANCIA,Cierre por estrategia de IA,2026-09-26 14:44:20,2026-09-26 14:44:20,2 min
TR-0501,SIMULATION,CRYPTO,AVAX,Avalanche / USD,COMPRA / VENTA,0.6221,11.01,10.75,6.85,-0.16,-2.38,PÉRDIDA CONTROLADA,Cierre por estrategia de IA,2026-09-26 14:38:30,2026-09-26 14:38:30,2 min
TR-0501,SIMULATION,CRYPTO,AVAX,Avalanche / USD,COMPRA / VENTA,0.4603,10.86,11.01,5.0,0.07,1.36,GANANCIA,Cierre por estrategia de IA,2026-09-26 10:46:15,2026-09-26 10:46:15,2 min
TR-0501,SIMULATION,TRADFI_STOCK,NVDA,NVIDIA Corp.,COMPRA / VENTA,8.70813,142.53,141.07,1241.17,-12.71,-1.02,PÉRDIDA CONTROLADA,Cierre por estrategia de IA,2026-09-25 19:17:25,2026-09-25 19:17:25,2 min
TR-0501,SIMULATION,CRYPTO,ETH,Ethereum / USD,COMPRA / VENTA,0.26529,2690.21,2690.21,713.69,0.0,0.0,EMPATE,Cierre por estrategia de IA,2026-09-25 19:17:25,2026-09-25 19:17:25,2 min
TR-0501,SIMULATION,CRYPTO,LINK,Chainlink / USD,COMPRA / VENTA,91.5992,13.98,13.98,1280.19,0.0,0.0,EMPATE,Cierre por estrategia de IA,2026-09-25 19:17:25,2026-09-25 19:17:25,2 min
TR-0501,SIMULATION,CRYPTO,NEAR,NEAR Protocol,COMPRA / VENTA,159.822,4.94,4.94,790.0,0.0,0.0,EMPATE,Cierre por estrategia de IA,2026-09-25 19:17:25,2026-09-25 19:17:25,2 min
TR-0501,SIMULATION,CRYPTO,ETH,Ethereum / USD,COMPRA / VENTA,0.12339,2693.99,2694.11,332.41,0.02,0.0,GANANCIA,Cierre por estrategia de IA,2026-09-25 17:36:57,2026-09-25 17:36:57,2 min
TR-0501,SIMULATION,TRADFI_STOCK,INTC,Intel Corporation,COMPRA / VENTA,50.2834,27.56,27.84,1385.81,14.08,1.02,GANANCIA,Cierre por estrategia de IA,2026-09-25 17:36:57,2026-09-25 17:36:57,2 min
TR-0501,SIMULATION,CRYPTO,AVAX,Avalanche / USD,COMPRA / VENTA,70.6815,10.6,10.6,748.87,0.28,0.04,GANANCIA,Cierre por estrategia de IA,2026-09-25 17:36:57,2026-09-25 17:36:57,2 min
TR-0501,SIMULATION,CRYPTO,LINK,Chainlink / USD,COMPRA / VENTA,89.7466,13.85,13.91,1243.35,5.47,0.44,GANANCIA,Cierre por estrategia de IA,2026-09-25 17:36:57,2026-09-25 17:36:57,2 min
TR-0501,SIMULATION,CRYPTO,NEAR,NEAR Protocol,COMPRA / VENTA,159.5315,4.95,4.97,790.0,3.03,0.38,GANANCIA,Cierre por estrategia de IA,2026-09-25 17:36:57,2026-09-25 17:36:57,2 min
TR-0501,SIMULATION,CRYPTO,XRP,Ripple / USD,COMPRA / VENTA,3.996,1.56,1.56,6.23,0.0,-0.01,EMPATE,Cierre por estrategia de IA,2026-09-25 16:05:15,2026-09-25 16:05:15,2 min
TR-0501,SIMULATION,CRYPTO,NEAR,NEAR Protocol,COMPRA / VENTA,1.3972,5.15,4.92,6.7,0.18,-4.46,GANANCIA,Cierre por estrategia de IA,2026-09-25 12:30:26,2026-09-25 12:30:26,2 min
TR-0501,SIMULATION,CRYPTO,AVAX,Avalanche / USD,COMPRA / VENTA,0.6394,10.22,10.36,6.53,0.09,1.37,GANANCIA,Cierre por estrategia de IA,2026-09-25 09:01:18,2026-09-25 09:01:18,2 min
TR-0501,SIMULATION,CRYPTO,NEAR,NEAR Protocol,COMPRA / VENTA,1.4985,4.95,4.92,7.42,-0.05,-0.61,PÉRDIDA CONTROLADA,Cierre por estrategia de IA,2026-09-24 17:21:22,2026-09-24 17:21:22,2 min
TR-0501,SIMULATION,CRYPTO,LINK,Chainlink / USD,COMPRA / VENTA,47.0698,11.74,11.77,552.6,1.41,0.26,GANANCIA,Cierre por estrategia de IA,2026-09-24 17:19:54,2026-09-24 17:19:54,2 min
TR-0501,SIMULATION,CRYPTO,NEAR,NEAR Protocol,COMPRA / VENTA,173.2456,4.56,4.99,790.0,74.5,9.43,GANANCIA,Cierre por estrategia de IA,2026-09-24 17:19:51,2026-09-24 17:19:51,2 min
TR-0501,SIMULATION,CRYPTO,NEAR,NEAR Protocol,COMPRA / VENTA,1.4985,8.1,4.66,12.14,-5.16,-42.52,PÉRDIDA CONTROLADA,Cierre por estrategia de IA,2026-09-24 16:51:48,2026-09-24 16:51:48,2 min
TR-0501,SIMULATION,CRYPTO,NEAR,NEAR Protocol,COMPRA / VENTA,1.4985,8.36,7.99,12.53,-0.56,-4.43,PÉRDIDA CONTROLADA,Cierre por estrategia de IA,2026-09-24 16:51:33,2026-09-24 16:51:33,2 min
TR-0501,SIMULATION,CRYPTO,NEAR,NEAR Protocol,COMPRA / VENTA,1.4985,8.46,8.14,12.68,-0.48,-3.78,PÉRDIDA CONTROLADA,Cierre por estrategia de IA,2026-09-24 16:51:16,2026-09-24 16:51:16,2 min
TR-0501,SIMULATION,TRADFI_STOCK,MU,Micron Technology,COMPRA / VENTA,0.07692,130.66,127.72,10.05,-0.23,-2.25,PÉRDIDA CONTROLADA,Cierre por estrategia de IA,2026-09-24 16:51:10,2026-09-24 16:51:10,2 min
TR-0501,SIMULATION,CRYPTO,NEAR,NEAR Protocol,COMPRA / VENTA,1.4985,8.5,8.4,12.74,-0.15,-1.18,PÉRDIDA CONTROLADA,Cierre por estrategia de IA,2026-09-24 16:51:08,2026-09-24 16:51:08,2 min
TR-0501,SIMULATION,TRADFI_STOCK,INTC,Intel Corporation,COMPRA / VENTA,0.3501,27.65,29.38,9.68,0.61,6.26,GANANCIA,Cierre por estrategia de IA,2026-09-24 16:51:00,2026-09-24 16:51:00,2 min
TR-0501,SIMULATION,CRYPTO,NEAR,NEAR Protocol,COMPRA / VENTA,1.4985,8.4,8.39,12.59,-0.02,-0.12,PÉRDIDA CONTROLADA,Cierre por estrategia de IA,2026-09-24 16:50:46,2026-09-24 16:50:46,2 min
TR-0501,SIMULATION,CRYPTO,NEAR,NEAR Protocol,COMPRA / VENTA,1.4985,8.0,8.43,11.99,0.64,5.37,GANANCIA,Cierre por estrategia de IA,2026-09-24 16:50:41,2026-09-24 16:50:41,2 min
TR-0501,SIMULATION,CRYPTO,ADA,Cardano / USD,COMPRA / VENTA,23.1,0.5,0.49,11.55,-0.23,-2.0,PÉRDIDA CONTROLADA,Cierre por estrategia de IA,2026-09-24 16:50:37,2026-09-24 16:50:37,2 min
TR-0501,SIMULATION,CRYPTO,NEAR,NEAR Protocol,COMPRA / VENTA,1.4985,7.66,8.05,11.48,0.58,5.09,GANANCIA,Cierre por estrategia de IA,2026-09-24 16:50:35,2026-09-24 16:50:35,2 min
TR-0501,SIMULATION,CRYPTO,NEAR,NEAR Protocol,COMPRA / VENTA,1.4605,6.97,7.52,10.18,0.8,7.89,GANANCIA,Cierre por estrategia de IA,2026-09-24 16:50:23,2026-09-24 16:50:23,2 min
TR-0501,SIMULATION,CRYPTO,NEAR,NEAR Protocol,COMPRA / VENTA,1.4985,6.53,6.97,9.79,0.65,6.74,GANANCIA,Cierre por estrategia de IA,2026-09-24 16:50:12,2026-09-24 16:50:12,2 min
TR-0501,SIMULATION,CRYPTO,NEAR,NEAR Protocol,COMPRA / VENTA,1.4985,6.26,6.58,9.38,0.48,5.11,GANANCIA,Cierre por estrategia de IA,2026-09-24 16:50:06,2026-09-24 16:50:06,2 min
TR-0501,SIMULATION,CRYPTO,NEAR,NEAR Protocol,COMPRA / VENTA,1.4985,6.38,6.42,9.56,0.06,0.63,GANANCIA,Cierre por estrategia de IA,2026-09-24 16:49:43,2026-09-24 16:49:43,2 min
TR-0501,SIMULATION,CRYPTO,NEAR,NEAR Protocol,COMPRA / VENTA,1.4985,6.58,6.35,9.86,-0.34,-3.5,PÉRDIDA CONTROLADA,Cierre por estrategia de IA,2026-09-24 16:49:25,2026-09-24 16:49:25,2 min
TR-0501,SIMULATION,CRYPTO,NEAR,NEAR Protocol,COMPRA / VENTA,1.3755,7.11,6.74,9.78,-0.51,-5.2,PÉRDIDA CONTROLADA,Cierre por estrategia de IA,2026-09-24 16:49:19,2026-09-24 16:49:19,2 min
TR-0501,SIMULATION,CRYPTO,NEAR,NEAR Protocol,COMPRA / VENTA,1.4028,7.25,7.11,10.17,-0.2,-1.93,PÉRDIDA CONTROLADA,Cierre por estrategia de IA,2026-09-24 16:49:15,2026-09-24 16:49:15,2 min
TR-0501,SIMULATION,CRYPTO,NEAR,NEAR Protocol,COMPRA / VENTA,1.438,6.53,7.25,9.39,1.04,11.03,GANANCIA,Cierre por estrategia de IA,2026-09-24 16:49:07,2026-09-24 16:49:07,2 min
TR-0501,SIMULATION,CRYPTO,NEAR,NEAR Protocol,COMPRA / VENTA,1.4558,6.45,6.53,9.39,0.12,1.24,GANANCIA,Cierre por estrategia de IA,2026-09-24 16:48:55,2026-09-24 16:48:55,2 min
TR-0501,SIMULATION,CRYPTO,NEAR,NEAR Protocol,COMPRA / VENTA,1.476,6.45,6.45,9.52,0.0,0.0,EMPATE,Cierre por estrategia de IA,2026-09-24 16:48:47,2026-09-24 16:48:47,2 min
TR-0501,SIMULATION,CRYPTO,NEAR,NEAR Protocol,COMPRA / VENTA,1.4985,6.41,6.45,9.61,0.06,0.62,GANANCIA,Cierre por estrategia de IA,2026-09-24 16:48:44,2026-09-24 16:48:44,2 min
TR-0501,SIMULATION,CRYPTO,NEAR,NEAR Protocol,COMPRA / VENTA,1.4767,6.44,6.22,9.51,-0.32,-3.42,PÉRDIDA CONTROLADA,Cierre por estrategia de IA,2026-09-24 16:48:39,2026-09-24 16:48:39,2 min
TR-0501,SIMULATION,CRYPTO,NEAR,NEAR Protocol,COMPRA / VENTA,1.4985,6.48,6.44,9.71,-0.06,-0.62,PÉRDIDA CONTROLADA,Cierre por estrategia de IA,2026-09-24 16:48:22,2026-09-24 16:48:22,2 min
TR-0501,SIMULATION,CRYPTO,NEAR,NEAR Protocol,COMPRA / VENTA,1.4985,6.26,6.35,9.38,0.14,1.44,GANANCIA,Cierre por estrategia de IA,2026-09-24 16:48:12,2026-09-24 16:48:12,2 min
TR-0501,SIMULATION,CRYPTO,NEAR,NEAR Protocol,COMPRA / VENTA,1.4985,6.49,6.18,9.73,-0.47,-4.78,PÉRDIDA CONTROLADA,Cierre por estrategia de IA,2026-09-24 16:47:51,2026-09-24 16:47:51,2 min
TR-0501,SIMULATION,CRYPTO,NEAR,NEAR Protocol,COMPRA / VENTA,1.3687,6.7,6.46,9.17,-0.33,-3.58,PÉRDIDA CONTROLADA,Cierre por estrategia de IA,2026-09-24 16:47:45,2026-09-24 16:47:45,2 min
TR-0501,SIMULATION,CRYPTO,NEAR,NEAR Protocol,COMPRA / VENTA,1.3815,6.92,6.7,9.56,-0.3,-3.18,PÉRDIDA CONTROLADA,Cierre por estrategia de IA,2026-09-24 16:47:32,2026-09-24 16:47:32,2 min
TR-0501,SIMULATION,CRYPTO,NEAR,NEAR Protocol,COMPRA / VENTA,1.4049,6.94,6.92,9.75,-0.03,-0.29,PÉRDIDA CONTROLADA,Cierre por estrategia de IA,2026-09-24 16:47:22,2026-09-24 16:47:22,2 min
TR-0501,SIMULATION,CRYPTO,NEAR,NEAR Protocol,COMPRA / VENTA,1.4324,7.17,6.94,10.27,-0.33,-3.21,PÉRDIDA CONTROLADA,Cierre por estrategia de IA,2026-09-24 16:47:13,2026-09-24 16:47:13,2 min
TR-0501,SIMULATION,CRYPTO,NEAR,NEAR Protocol,COMPRA / VENTA,1.4719,6.59,7.17,9.7,0.85,8.8,GANANCIA,Cierre por estrategia de IA,2026-09-24 16:47:06,2026-09-24 16:47:06,2 min
TR-0501,SIMULATION,CRYPTO,NEAR,NEAR Protocol,COMPRA / VENTA,1.4985,6.27,6.59,9.4,0.48,5.1,GANANCIA,Cierre por estrategia de IA,2026-09-24 16:46:57,2026-09-24 16:46:57,2 min
TR-0501,SIMULATION,CRYPTO,NEAR,NEAR Protocol,COMPRA / VENTA,1.4985,5.72,6.14,8.57,0.63,7.34,GANANCIA,Cierre por estrategia de IA,2026-09-24 16:46:46,2026-09-24 16:46:46,2 min
TR-0501,SIMULATION,CRYPTO,NEAR,NEAR Protocol,COMPRA / VENTA,1.4985,5.5,5.56,8.24,0.09,1.09,GANANCIA,Cierre por estrategia de IA,2026-09-24 16:46:40,2026-09-24 16:46:40,2 min
TR-0501,SIMULATION,CRYPTO,NEAR,NEAR Protocol,COMPRA / VENTA,1.4985,5.28,5.29,7.91,0.02,0.19,GANANCIA,Cierre por estrategia de IA,2026-09-24 16:46:31,2026-09-24 16:46:31,2 min
TR-0501,SIMULATION,CRYPTO,NEAR,NEAR Protocol,COMPRA / VENTA,1.4985,5.17,5.14,7.75,-0.05,-0.58,PÉRDIDA CONTROLADA,Cierre por estrategia de IA,2026-09-24 16:46:22,2026-09-24 16:46:22,2 min
TR-0501,SIMULATION,CRYPTO,NEAR,NEAR Protocol,COMPRA / VENTA,1.4985,4.97,5.26,7.45,0.43,5.84,GANANCIA,Cierre por estrategia de IA,2026-09-24 16:46:16,2026-09-24 16:46:16,2 min
TR-0501,SIMULATION,TRADFI_STOCK,TSLA,Tesla Motors,COMPRA / VENTA,0.02674,309.99,300.29,8.29,-0.26,-3.13,PÉRDIDA CONTROLADA,Cierre por estrategia de IA,2026-09-24 16:46:11,2026-09-24 16:46:11,2 min
TR-0501,SIMULATION,CRYPTO,NEAR,NEAR Protocol,COMPRA / VENTA,1.4985,5.03,5.08,7.54,0.07,0.99,GANANCIA,Cierre por estrategia de IA,2026-09-24 16:46:07,2026-09-24 16:46:07,2 min
TR-0501,SIMULATION,CRYPTO,NEAR,NEAR Protocol,COMPRA / VENTA,1.4985,5.17,4.99,7.75,-0.27,-3.48,PÉRDIDA CONTROLADA,Cierre por estrategia de IA,2026-09-24 16:45:55,2026-09-24 16:45:55,2 min
TR-0501,SIMULATION,CRYPTO,NEAR,NEAR Protocol,COMPRA / VENTA,1.4985,5.02,5.3,7.52,0.42,5.58,GANANCIA,Cierre por estrategia de IA,2026-09-24 16:45:52,2026-09-24 16:45:52,2 min
TR-0501,SIMULATION,CRYPTO,NEAR,NEAR Protocol,COMPRA / VENTA,1.4985,5.37,5.06,8.05,-0.47,-5.77,PÉRDIDA CONTROLADA,Cierre por estrategia de IA,2026-09-24 16:45:44,2026-09-24 16:45:44,2 min
TR-0501,SIMULATION,CRYPTO,NEAR,NEAR Protocol,COMPRA / VENTA,1.4985,5.64,5.43,8.45,-0.31,-3.72,PÉRDIDA CONTROLADA,Cierre por estrategia de IA,2026-09-24 16:45:39,2026-09-24 16:45:39,2 min
TR-0501,SIMULATION,CRYPTO,NEAR,NEAR Protocol,COMPRA / VENTA,1.4985,5.62,5.62,8.42,0.0,0.0,EMPATE,Cierre por estrategia de IA,2026-09-24 16:45:24,2026-09-24 16:45:24,2 min
TR-0501,SIMULATION,TRADFI_STOCK,TSLA,Tesla Motors,COMPRA / VENTA,0.02651,319.83,309.99,8.48,-0.26,-3.08,PÉRDIDA CONTROLADA,Cierre por estrategia de IA,2026-09-24 16:45:23,2026-09-24 16:45:23,2 min
TR-0501,SIMULATION,CRYPTO,NEAR,NEAR Protocol,COMPRA / VENTA,1.4985,5.91,5.63,8.86,-0.42,-4.74,PÉRDIDA CONTROLADA,Cierre por estrategia de IA,2026-09-24 16:45:13,2026-09-24 16:45:13,2 min
TR-0501,SIMULATION,CRYPTO,NEAR,NEAR Protocol,COMPRA / VENTA,1.4985,6.14,5.86,9.2,-0.42,-4.56,PÉRDIDA CONTROLADA,Cierre por estrategia de IA,2026-09-24 16:45:06,2026-09-24 16:45:06,2 min
TR-0501,SIMULATION,TRADFI_STOCK,TSLA,Tesla Motors,COMPRA / VENTA,0.02789,294.06,319.07,8.2,0.7,8.51,GANANCIA,Cierre por estrategia de IA,2026-09-24 16:45:01,2026-09-24 16:45:01,2 min
TR-0501,SIMULATION,CRYPTO,NEAR,NEAR Protocol,COMPRA / VENTA,1.4985,5.62,5.97,8.42,0.53,6.23,GANANCIA,Cierre por estrategia de IA,2026-09-24 16:44:50,2026-09-24 16:44:50,2 min
TR-0501,SIMULATION,CRYPTO,NEAR,NEAR Protocol,COMPRA / VENTA,1.4985,5.61,5.41,8.41,-0.3,-3.57,PÉRDIDA CONTROLADA,Cierre por estrategia de IA,2026-09-24 16:44:42,2026-09-24 16:44:42,2 min
TR-0501,SIMULATION,TRADFI_STOCK,SNDK,SanDisk Corp.,COMPRA / VENTA,0.1079,82.36,80.96,8.89,-0.15,-1.7,PÉRDIDA CONTROLADA,Cierre por estrategia de IA,2026-09-24 16:44:14,2026-09-24 16:44:14,2 min
TR-0501,SIMULATION,TRADFI_STOCK,TSLA,Tesla Motors,COMPRA / VENTA,0.03127,274.41,266.41,8.58,-0.25,-2.92,PÉRDIDA CONTROLADA,Cierre por estrategia de IA,2026-09-24 16:44:12,2026-09-24 16:44:12,2 min
TR-0501,SIMULATION,CRYPTO,NEAR,NEAR Protocol,COMPRA / VENTA,1.4985,5.93,5.71,8.89,-0.33,-3.71,PÉRDIDA CONTROLADA,Cierre por estrategia de IA,2026-09-24 16:44:07,2026-09-24 16:44:07,2 min
TR-0501,SIMULATION,CRYPTO,NEAR,NEAR Protocol,COMPRA / VENTA,1.4985,6.39,5.96,9.58,-0.65,-6.73,PÉRDIDA CONTROLADA,Cierre por estrategia de IA,2026-09-24 16:44:01,2026-09-24 16:44:01,2 min
TR-0501,SIMULATION,CRYPTO,NEAR,NEAR Protocol,COMPRA / VENTA,1.4985,6.91,6.52,10.35,-0.58,-5.64,PÉRDIDA CONTROLADA,Cierre por estrategia de IA,2026-09-24 16:43:53,2026-09-24 16:43:53,2 min
TR-0501,SIMULATION,CRYPTO,DOGE,Dogecoin / USD,COMPRA / VENTA,102.77,0.13,0.13,13.36,0.0,0.0,EMPATE,Cierre por estrategia de IA,2026-09-24 16:43:48,2026-09-24 16:43:48,2 min
TR-0501,SIMULATION,CRYPTO,NEAR,NEAR Protocol,COMPRA / VENTA,2.0388,7.22,6.96,14.72,-0.53,-3.6,PÉRDIDA CONTROLADA,Cierre por estrategia de IA,2026-09-24 16:43:46,2026-09-24 16:43:46,2 min
TR-0501,SIMULATION,CRYPTO,NEAR,NEAR Protocol,COMPRA / VENTA,2.1866,7.45,7.22,16.29,-0.5,-3.09,PÉRDIDA CONTROLADA,Cierre por estrategia de IA,2026-09-24 16:43:42,2026-09-24 16:43:42,2 min
TR-0501,SIMULATION,TRADFI_STOCK,AMD,Advanced Micro Devices,COMPRA / VENTA,0.07056,180.41,188.18,12.73,0.55,4.31,GANANCIA,Cierre por estrategia de IA,2026-09-24 16:43:36,2026-09-24 16:43:36,2 min
TR-0501,SIMULATION,CRYPTO,NEAR,NEAR Protocol,COMPRA / VENTA,1.3163,7.43,7.45,9.78,0.03,0.27,GANANCIA,Cierre por estrategia de IA,2026-09-24 16:43:33,2026-09-24 16:43:33,2 min
TR-0501,SIMULATION,TRADFI_STOCK,TSLA,Tesla Motors,COMPRA / VENTA,0.02904,268.96,269.25,7.81,0.01,0.11,GANANCIA,Cierre por estrategia de IA,2026-09-24 16:43:33,2026-09-24 16:43:33,2 min
TR-0501,SIMULATION,CRYPTO,NEAR,NEAR Protocol,COMPRA / VENTA,1.3424,7.33,7.43,9.84,0.13,1.36,GANANCIA,Cierre por estrategia de IA,2026-09-24 16:43:28,2026-09-24 16:43:28,2 min
TR-0501,SIMULATION,CRYPTO,NEAR,NEAR Protocol,COMPRA / VENTA,1.3691,7.26,7.33,9.94,0.1,0.96,GANANCIA,Cierre por estrategia de IA,2026-09-24 16:43:22,2026-09-24 16:43:22,2 min
TR-0501,SIMULATION,CRYPTO,NEAR,NEAR Protocol,COMPRA / VENTA,1.3997,7.18,7.26,10.05,0.11,1.11,GANANCIA,Cierre por estrategia de IA,2026-09-24 16:43:14,2026-09-24 16:43:14,2 min
TR-0501,SIMULATION,TRADFI_STOCK,SPCX,Space Exploration ETF,COMPRA / VENTA,0.2239,32.6,34.16,7.3,0.35,4.79,GANANCIA,Cierre por estrategia de IA,2026-09-24 16:43:08,2026-09-24 16:43:08,2 min
TR-0501,SIMULATION,CRYPTO,NEAR,NEAR Protocol,COMPRA / VENTA,1.433,7.16,7.18,10.26,0.03,0.28,GANANCIA,Cierre por estrategia de IA,2026-09-24 16:43:03,2026-09-24 16:43:03,2 min
TR-0501,SIMULATION,CRYPTO,NEAR,NEAR Protocol,COMPRA / VENTA,1.4725,6.54,7.16,9.63,0.91,9.48,GANANCIA,Cierre por estrategia de IA,2026-09-24 16:43:00,2026-09-24 16:43:00,2 min
TR-0501,SIMULATION,CRYPTO,NEAR,NEAR Protocol,COMPRA / VENTA,1.4985,6.47,6.54,9.7,0.1,1.08,GANANCIA,Cierre por estrategia de IA,2026-09-24 16:42:51,2026-09-24 16:42:51,2 min
TR-0501,SIMULATION,TRADFI_STOCK,META,"Meta Platforms, Inc.",COMPRA / VENTA,0.01231,580.12,609.89,7.14,0.37,5.13,GANANCIA,Cierre por estrategia de IA,2026-09-24 16:42:45,2026-09-24 16:42:45,2 min
TR-0501,SIMULATION,CRYPTO,NEAR,NEAR Protocol,COMPRA / VENTA,2.0997,6.52,6.4,13.69,-0.25,-1.84,PÉRDIDA CONTROLADA,Cierre por estrategia de IA,2026-09-24 16:42:38,2026-09-24 16:42:38,2 min
TR-0501,SIMULATION,TRADFI_STOCK,INTC,Intel Corporation,COMPRA / VENTA,0.29,25.55,25.1,7.41,-0.13,-1.76,PÉRDIDA CONTROLADA,Cierre por estrategia de IA,2026-09-24 16:42:35,2026-09-24 16:42:35,2 min
TR-0501,SIMULATION,TRADFI_STOCK,SNDK,SanDisk Corp.,COMPRA / VENTA,0.0903,80.87,79.63,7.3,-0.11,-1.53,PÉRDIDA CONTROLADA,Cierre por estrategia de IA,2026-09-24 16:42:27,2026-09-24 16:42:27,2 min
TR-0501,SIMULATION,CRYPTO,NEAR,NEAR Protocol,COMPRA / VENTA,1.1162,6.54,6.52,7.3,-0.02,-0.31,PÉRDIDA CONTROLADA,Cierre por estrategia de IA,2026-09-24 16:42:22,2026-09-24 16:42:22,2 min
TR-0501,SIMULATION,TRADFI_STOCK,INTC,Intel Corporation,COMPRA / VENTA,0.2836,25.78,25.7,7.31,-0.02,-0.31,PÉRDIDA CONTROLADA,Cierre por estrategia de IA,2026-09-24 16:42:22,2026-09-24 16:42:22,2 min
TR-0501,SIMULATION,TRADFI_STOCK,AMD,Advanced Micro Devices,COMPRA / VENTA,0.04021,181.53,176.85,7.3,-0.19,-2.58,PÉRDIDA CONTROLADA,Cierre por estrategia de IA,2026-09-24 16:42:19,2026-09-24 16:42:19,2 min
TR-0501,SIMULATION,TRADFI_STOCK,MU,Micron Technology,COMPRA / VENTA,0.06156,118.58,118.23,7.3,-0.02,-0.3,PÉRDIDA CONTROLADA,Cierre por estrategia de IA,2026-09-24 16:42:15,2026-09-24 16:42:15,2 min
TR-0501,SIMULATION,TRADFI_STOCK,INTC,Intel Corporation,COMPRA / VENTA,0.284,25.74,25.78,7.31,0.01,0.16,GANANCIA,Cierre por estrategia de IA,2026-09-24 16:42:08,2026-09-24 16:42:08,2 min
TR-0501,SIMULATION,TRADFI_STOCK,AMD,Advanced Micro Devices,COMPRA / VENTA,0.04024,181.43,181.53,7.3,0.0,0.06,EMPATE,Cierre por estrategia de IA,2026-09-24 16:42:07,2026-09-24 16:42:07,2 min
TR-0501,SIMULATION,TRADFI_STOCK,INTC,Intel Corporation,COMPRA / VENTA,0.2838,25.72,25.74,7.3,0.01,0.08,GANANCIA,Cierre por estrategia de IA,2026-09-24 16:42:03,2026-09-24 16:42:03,2 min
TR-0501,SIMULATION,CRYPTO,LINK,Chainlink / USD,COMPRA / VENTA,77.8243,11.95,12.93,930.0,76.27,8.2,GANANCIA,Cierre por estrategia de IA,2026-09-24 16:37:11,2026-09-24 16:37:11,2 min
TR-0501,SIMULATION,CRYPTO,ETH,Ethereum / USD,COMPRA / VENTA,0.26303,2661.3,2684.6,700.0,6.13,0.88,GANANCIA,Cierre por estrategia de IA,2026-09-24 16:36:59,2026-09-24 16:36:59,2 min
TR-0501,SIMULATION,CRYPTO,ETH,Ethereum / USD,COMPRA / VENTA,0.23321,2658.6,2674.1,620.01,3.62,0.58,GANANCIA,Cierre por estrategia de IA,2026-09-24 16:32:45,2026-09-24 16:32:45,2 min
TR-0501,SIMULATION,CRYPTO,AVAX,Avalanche / USD,COMPRA / VENTA,31.569,27.93,27.83,881.72,-3.15,-0.36,PÉRDIDA CONTROLADA,Cierre por estrategia de IA,2026-09-24 16:32:21,2026-09-24 16:32:21,2 min
TR-0501,SIMULATION,CRYPTO,NEAR,NEAR Protocol,COMPRA / VENTA,136.564,4.54,4.5,620.0,-5.46,-0.88,PÉRDIDA CONTROLADA,Cierre por estrategia de IA,2026-09-24 16:01:51,2026-09-24 16:01:51,2 min
TR-0501,SIMULATION,CRYPTO,LINK,Chainlink / USD,COMPRA / VENTA,62.079,12.39,13.42,769.16,63.94,8.31,GANANCIA,Cierre por estrategia de IA,2026-09-24 15:57:55,2026-09-24 15:57:55,2 min
TR-0501,SIMULATION,CRYPTO,NEAR,NEAR Protocol,COMPRA / VENTA,136.264,4.55,4.55,620.0,0.0,0.0,EMPATE,Cierre por estrategia de IA,2026-09-24 15:57:55,2026-09-24 15:57:55,2 min
TR-0501,SIMULATION,CRYPTO,BTC,Bitcoin / USD,COMPRA / VENTA,0.0,192709.0,185694.5,0.0,0.0,-3.64,EMPATE,Cierre por estrategia de IA,2026-09-24 15:57:28,2026-09-24 15:57:28,2 min
TR-0501,SIMULATION,CRYPTO,BTC,Bitcoin / USD,COMPRA / VENTA,0.0,190223.9,193004.7,0.0,0.0,1.46,EMPATE,Cierre por estrategia de IA,2026-09-24 15:56:38,2026-09-24 15:56:38,2 min
TR-0501,SIMULATION,CRYPTO,BTC,Bitcoin / USD,COMPRA / VENTA,0.0,183763.6,187592.6,0.0,0.0,2.08,EMPATE,Cierre por estrategia de IA,2026-09-24 15:56:30,2026-09-24 15:56:30,2 min
TR-0501,SIMULATION,CRYPTO,BTC,Bitcoin / USD,COMPRA / VENTA,0.0,179656.4,182507.8,0.0,0.0,1.59,EMPATE,Cierre por estrategia de IA,2026-09-24 15:56:26,2026-09-24 15:56:26,2 min
TR-0501,SIMULATION,CRYPTO,BTC,Bitcoin / USD,COMPRA / VENTA,0.0,173838.6,179576.8,0.0,0.0,3.3,EMPATE,Cierre por estrategia de IA,2026-09-24 15:56:21,2026-09-24 15:56:21,2 min
TR-0501,SIMULATION,CRYPTO,BTC,Bitcoin / USD,COMPRA / VENTA,0.0,167513.3,171217.4,0.0,0.0,2.21,EMPATE,Cierre por estrategia de IA,2026-09-24 15:56:13,2026-09-24 15:56:13,2 min
TR-0501,SIMULATION,CRYPTO,BTC,Bitcoin / USD,COMPRA / VENTA,0.0,164052.3,167279.8,0.0,0.0,1.97,EMPATE,Cierre por estrategia de IA,2026-09-24 15:55:59,2026-09-24 15:55:59,2 min
TR-0501,SIMULATION,CRYPTO,BTC,Bitcoin / USD,COMPRA / VENTA,0.0,169619.2,162913.3,0.0,0.0,-3.95,EMPATE,Cierre por estrategia de IA,2026-09-24 15:55:52,2026-09-24 15:55:52,2 min
TR-0501,SIMULATION,CRYPTO,BTC,Bitcoin / USD,COMPRA / VENTA,0.0,167714.2,170411.1,0.0,0.0,1.61,EMPATE,Cierre por estrategia de IA,2026-09-24 15:55:32,2026-09-24 15:55:32,2 min
TR-0501,SIMULATION,CRYPTO,BTC,Bitcoin / USD,COMPRA / VENTA,0.0,166201.7,169346.9,0.0,0.0,1.89,EMPATE,Cierre por estrategia de IA,2026-09-24 15:55:25,2026-09-24 15:55:25,2 min
TR-0501,SIMULATION,CRYPTO,BTC,Bitcoin / USD,COMPRA / VENTA,0.0,174441.3,168111.6,0.0,0.0,-3.63,EMPATE,Cierre por estrategia de IA,2026-09-24 15:55:16,2026-09-24 15:55:16,2 min
TR-0501,SIMULATION,CRYPTO,BTC,Bitcoin / USD,COMPRA / VENTA,0.0,176921.2,170355.6,0.0,0.0,-3.71,EMPATE,Cierre por estrategia de IA,2026-09-24 15:55:05,2026-09-24 15:55:05,2 min
TR-0501,SIMULATION,CRYPTO,BTC,Bitcoin / USD,COMPRA / VENTA,0.0,186653.5,179343.2,0.0,0.0,-3.92,EMPATE,Cierre por estrategia de IA,2026-09-24 15:54:58,2026-09-24 15:54:58,2 min
TR-0501,SIMULATION,CRYPTO,BTC,Bitcoin / USD,COMPRA / VENTA,0.0,181732.1,185465.7,0.0,0.0,2.05,EMPATE,Cierre por estrategia de IA,2026-09-24 15:54:52,2026-09-24 15:54:52,2 min
TR-0501,SIMULATION,CRYPTO,BTC,Bitcoin / USD,COMPRA / VENTA,0.0,180171.3,183055.9,0.0,0.0,1.6,EMPATE,Cierre por estrategia de IA,2026-09-24 15:54:45,2026-09-24 15:54:45,2 min
TR-0501,SIMULATION,CRYPTO,BTC,Bitcoin / USD,COMPRA / VENTA,0.0,178102.8,181360.7,0.0,0.0,1.83,EMPATE,Cierre por estrategia de IA,2026-09-24 15:54:25,2026-09-24 15:54:25,2 min
TR-0501,SIMULATION,CRYPTO,BTC,Bitcoin / USD,COMPRA / VENTA,0.0,175921.3,179131.4,0.0,0.0,1.82,EMPATE,Cierre por estrategia de IA,2026-09-24 15:54:18,2026-09-24 15:54:18,2 min
TR-0501,SIMULATION,CRYPTO,BTC,Bitcoin / USD,COMPRA / VENTA,0.0,170766.4,173748.4,0.0,0.0,1.75,EMPATE,Cierre por estrategia de IA,2026-09-24 15:54:13,2026-09-24 15:54:13,2 min
TR-0501,SIMULATION,CRYPTO,BTC,Bitcoin / USD,COMPRA / VENTA,0.0,166490.2,169123.5,0.0,0.0,1.58,EMPATE,Cierre por estrategia de IA,2026-09-24 15:54:06,2026-09-24 15:54:06,2 min
TR-0501,SIMULATION,CRYPTO,BTC,Bitcoin / USD,COMPRA / VENTA,0.0,172931.1,165380.1,0.0,0.0,-4.37,EMPATE,Cierre por estrategia de IA,2026-09-24 15:53:42,2026-09-24 15:53:42,2 min
TR-0501,SIMULATION,CRYPTO,BTC,Bitcoin / USD,COMPRA / VENTA,0.0,179118.1,172327.6,0.0,0.0,-3.79,EMPATE,Cierre por estrategia de IA,2026-09-24 15:53:23,2026-09-24 15:53:23,2 min
TR-0501,SIMULATION,CRYPTO,BTC,Bitcoin / USD,COMPRA / VENTA,0.0,175682.1,178502.0,0.0,0.0,1.61,EMPATE,Cierre por estrategia de IA,2026-09-24 15:53:00,2026-09-24 15:53:00,2 min
TR-0501,SIMULATION,CRYPTO,BTC,Bitcoin / USD,COMPRA / VENTA,0.0,169653.7,172324.1,0.0,0.0,1.57,EMPATE,Cierre por estrategia de IA,2026-09-24 15:52:54,2026-09-24 15:52:54,2 min
TR-0501,SIMULATION,CRYPTO,BTC,Bitcoin / USD,COMPRA / VENTA,0.0,162608.9,167914.5,0.0,0.0,3.26,EMPATE,Cierre por estrategia de IA,2026-09-24 15:52:40,2026-09-24 15:52:40,2 min
TR-0501,SIMULATION,CRYPTO,BTC,Bitcoin / USD,COMPRA / VENTA,0.0,159985.4,162565.1,0.0,0.0,1.61,EMPATE,Cierre por estrategia de IA,2026-09-24 15:52:32,2026-09-24 15:52:32,2 min
TR-0501,SIMULATION,CRYPTO,BTC,Bitcoin / USD,COMPRA / VENTA,0.0,151920.9,159908.1,0.0,0.0,5.26,EMPATE,Cierre por estrategia de IA,2026-09-24 15:52:29,2026-09-24 15:52:29,2 min
TR-0501,SIMULATION,CRYPTO,BTC,Bitcoin / USD,COMPRA / VENTA,0.0,151730.2,151684.0,0.0,0.0,-0.03,EMPATE,Cierre por estrategia de IA,2026-09-24 15:52:05,2026-09-24 15:52:05,2 min
TR-0501,SIMULATION,CRYPTO,BTC,Bitcoin / USD,COMPRA / VENTA,0.0,161153.3,154032.4,0.0,0.0,-4.42,EMPATE,Cierre por estrategia de IA,2026-09-24 15:51:52,2026-09-24 15:51:52,2 min
TR-0501,SIMULATION,CRYPTO,BTC,Bitcoin / USD,COMPRA / VENTA,0.0,168809.2,161801.7,0.0,0.0,-4.15,EMPATE,Cierre por estrategia de IA,2026-09-24 15:51:35,2026-09-24 15:51:35,2 min
TR-0501,SIMULATION,CRYPTO,BTC,Bitcoin / USD,COMPRA / VENTA,0.0,163794.6,166357.5,0.0,0.0,1.56,EMPATE,Cierre por estrategia de IA,2026-09-24 15:50:44,2026-09-24 15:50:44,2 min
TR-0501,SIMULATION,CRYPTO,BTC,Bitcoin / USD,COMPRA / VENTA,0.0,159837.3,163362.6,0.0,0.0,2.21,EMPATE,Cierre por estrategia de IA,2026-09-24 15:50:31,2026-09-24 15:50:31,2 min
TR-0501,SIMULATION,CRYPTO,BTC,Bitcoin / USD,COMPRA / VENTA,0.0,155991.6,159379.0,0.0,0.0,2.17,EMPATE,Cierre por estrategia de IA,2026-09-24 15:50:26,2026-09-24 15:50:26,2 min
TR-0501,SIMULATION,CRYPTO,BTC,Bitcoin / USD,COMPRA / VENTA,0.0,159234.1,158047.6,0.0,0.0,-0.75,EMPATE,Cierre por estrategia de IA,2026-09-24 15:49:36,2026-09-24 15:49:36,2 min
TR-0501,SIMULATION,CRYPTO,BTC,Bitcoin / USD,COMPRA / VENTA,0.0,156887.2,159820.2,0.0,0.0,1.87,EMPATE,Cierre por estrategia de IA,2026-09-24 15:49:30,2026-09-24 15:49:30,2 min
TR-0501,SIMULATION,CRYPTO,BTC,Bitcoin / USD,COMPRA / VENTA,0.0,168295.2,159496.8,0.0,0.0,-5.23,EMPATE,Cierre por estrategia de IA,2026-09-24 15:49:15,2026-09-24 15:49:15,2 min
TR-0501,SIMULATION,CRYPTO,BTC,Bitcoin / USD,COMPRA / VENTA,0.0,163815.9,166790.6,0.0,0.0,1.82,EMPATE,Cierre por estrategia de IA,2026-09-24 15:49:06,2026-09-24 15:49:06,2 min
TR-0501,SIMULATION,CRYPTO,BTC,Bitcoin / USD,COMPRA / VENTA,0.0,158889.6,162718.4,0.0,0.0,2.41,EMPATE,Cierre por estrategia de IA,2026-09-24 15:48:28,2026-09-24 15:48:28,2 min
TR-0501,SIMULATION,CRYPTO,BTC,Bitcoin / USD,COMPRA / VENTA,0.0,154772.7,157469.3,0.0,0.0,1.74,EMPATE,Cierre por estrategia de IA,2026-09-24 15:48:20,2026-09-24 15:48:20,2 min
TR-0501,SIMULATION,CRYPTO,BTC,Bitcoin / USD,COMPRA / VENTA,0.0,150726.8,153367.9,0.0,0.0,1.75,EMPATE,Cierre por estrategia de IA,2026-09-24 15:47:57,2026-09-24 15:47:57,2 min
TR-0501,SIMULATION,CRYPTO,BTC,Bitcoin / USD,COMPRA / VENTA,0.0,158646.1,152580.1,0.0,0.0,-3.82,EMPATE,Cierre por estrategia de IA,2026-09-24 15:47:30,2026-09-24 15:47:30,2 min
TR-0501,SIMULATION,CRYPTO,BTC,Bitcoin / USD,COMPRA / VENTA,0.0,156533.6,159020.8,0.0,0.0,1.59,EMPATE,Cierre por estrategia de IA,2026-09-24 15:47:12,2026-09-24 15:47:12,2 min
TR-0501,SIMULATION,CRYPTO,BTC,Bitcoin / USD,COMPRA / VENTA,0.0,150729.2,153712.6,0.0,0.0,1.98,EMPATE,Cierre por estrategia de IA,2026-09-24 15:46:50,2026-09-24 15:46:50,2 min
TR-0501,SIMULATION,CRYPTO,BTC,Bitcoin / USD,COMPRA / VENTA,0.0,141718.8,149475.9,0.0,0.0,5.47,EMPATE,Cierre por estrategia de IA,2026-09-24 15:46:39,2026-09-24 15:46:39,2 min
TR-0501,SIMULATION,CRYPTO,BTC,Bitcoin / USD,COMPRA / VENTA,0.0,148560.7,142607.0,0.0,0.0,-4.01,EMPATE,Cierre por estrategia de IA,2026-09-24 15:46:05,2026-09-24 15:46:05,2 min
TR-0501,SIMULATION,CRYPTO,BTC,Bitcoin / USD,COMPRA / VENTA,0.0,140562.8,147792.9,0.0,0.0,5.14,EMPATE,Cierre por estrategia de IA,2026-09-24 15:45:55,2026-09-24 15:45:55,2 min
TR-0501,SIMULATION,CRYPTO,BTC,Bitcoin / USD,COMPRA / VENTA,0.0,132224.5,139260.8,0.0,0.0,5.32,EMPATE,Cierre por estrategia de IA,2026-09-24 15:45:15,2026-09-24 15:45:15,2 min
TR-0501,SIMULATION,CRYPTO,BTC,Bitcoin / USD,COMPRA / VENTA,0.0,126778.2,133651.8,0.0,0.0,5.42,EMPATE,Cierre por estrategia de IA,2026-09-24 15:44:36,2026-09-24 15:44:36,2 min
TR-0501,SIMULATION,CRYPTO,BTC,Bitcoin / USD,COMPRA / VENTA,0.0,131779.7,126813.7,0.0,0.0,-3.77,EMPATE,Cierre por estrategia de IA,2026-09-24 15:44:14,2026-09-24 15:44:14,2 min
TR-0501,SIMULATION,CRYPTO,BTC,Bitcoin / USD,COMPRA / VENTA,0.0,140835.4,135567.9,0.0,0.0,-3.74,EMPATE,Cierre por estrategia de IA,2026-09-24 15:43:56,2026-09-24 15:43:56,2 min
TR-0501,SIMULATION,CRYPTO,BTC,Bitcoin / USD,COMPRA / VENTA,0.0,138349.5,139625.2,0.0,0.0,0.92,EMPATE,Cierre por estrategia de IA,2026-09-24 15:43:35,2026-09-24 15:43:35,2 min
TR-0501,SIMULATION,CRYPTO,BTC,Bitcoin / USD,COMPRA / VENTA,0.0,131806.4,138451.8,0.0,0.0,5.04,EMPATE,Cierre por estrategia de IA,2026-09-24 15:43:04,2026-09-24 15:43:04,2 min
TR-0501,SIMULATION,CRYPTO,BTC,Bitcoin / USD,COMPRA / VENTA,0.0,133567.0,133453.1,0.0,0.0,-0.09,EMPATE,Cierre por estrategia de IA,2026-09-24 15:42:48,2026-09-24 15:42:48,2 min
TR-0501,SIMULATION,CRYPTO,BTC,Bitcoin / USD,COMPRA / VENTA,0.0,140336.4,135298.9,0.0,0.0,-3.59,EMPATE,Cierre por estrategia de IA,2026-09-24 15:42:02,2026-09-24 15:42:02,2 min
TR-0501,SIMULATION,CRYPTO,BTC,Bitcoin / USD,COMPRA / VENTA,0.0,146521.9,139623.1,0.0,0.0,-4.71,EMPATE,Cierre por estrategia de IA,2026-09-24 15:41:41,2026-09-24 15:41:41,2 min
TR-0501,SIMULATION,CRYPTO,BTC,Bitcoin / USD,COMPRA / VENTA,0.0,144220.3,146343.6,0.0,0.0,1.47,EMPATE,Cierre por estrategia de IA,2026-09-24 15:41:20,2026-09-24 15:41:20,2 min
TR-0501,SIMULATION,CRYPTO,BTC,Bitcoin / USD,COMPRA / VENTA,0.0,138957.4,143714.3,0.0,0.0,3.42,EMPATE,Cierre por estrategia de IA,2026-09-24 15:41:13,2026-09-24 15:41:13,2 min
TR-0501,SIMULATION,CRYPTO,BTC,Bitcoin / USD,COMPRA / VENTA,0.0,140248.2,139841.9,0.0,0.0,-0.29,EMPATE,Cierre por estrategia de IA,2026-09-24 15:40:48,2026-09-24 15:40:48,2 min
TR-0501,SIMULATION,CRYPTO,BTC,Bitcoin / USD,COMPRA / VENTA,0.0,145070.5,138762.6,0.0,0.0,-4.35,EMPATE,Cierre por estrategia de IA,2026-09-24 15:40:38,2026-09-24 15:40:38,2 min
TR-0501,SIMULATION,CRYPTO,BTC,Bitcoin / USD,COMPRA / VENTA,0.0,142172.6,145291.7,0.0,0.0,2.19,EMPATE,Cierre por estrategia de IA,2026-09-24 15:40:08,2026-09-24 15:40:08,2 min
TR-0501,SIMULATION,CRYPTO,BTC,Bitcoin / USD,COMPRA / VENTA,0.0,139395.8,142580.4,0.0,0.0,2.28,EMPATE,Cierre por estrategia de IA,2026-09-24 15:39:53,2026-09-24 15:39:53,2 min
TR-0501,SIMULATION,CRYPTO,BTC,Bitcoin / USD,COMPRA / VENTA,0.0,138966.7,138144.1,0.0,0.0,-0.59,EMPATE,Cierre por estrategia de IA,2026-09-24 15:39:47,2026-09-24 15:39:47,2 min
TR-0501,SIMULATION,CRYPTO,BTC,Bitcoin / USD,COMPRA / VENTA,0.0,136028.7,138986.2,0.0,0.0,2.17,EMPATE,Cierre por estrategia de IA,2026-09-24 15:39:37,2026-09-24 15:39:37,2 min
TR-0501,SIMULATION,CRYPTO,BTC,Bitcoin / USD,COMPRA / VENTA,0.0,135242.6,137676.7,0.0,0.0,1.8,EMPATE,Cierre por estrategia de IA,2026-09-24 15:39:30,2026-09-24 15:39:30,2 min
TR-0501,SIMULATION,CRYPTO,BTC,Bitcoin / USD,COMPRA / VENTA,0.0,133507.5,132469.2,0.0,0.0,-0.78,EMPATE,Cierre por estrategia de IA,2026-09-24 15:39:20,2026-09-24 15:39:20,2 min
TR-0501,SIMULATION,CRYPTO,BTC,Bitcoin / USD,COMPRA / VENTA,0.0,125851.3,133584.7,0.0,0.0,6.14,EMPATE,Cierre por estrategia de IA,2026-09-24 15:39:07,2026-09-24 15:39:07,2 min
TR-0501,SIMULATION,CRYPTO,BTC,Bitcoin / USD,COMPRA / VENTA,0.0,132674.6,127536.9,0.0,0.0,-3.87,EMPATE,Cierre por estrategia de IA,2026-09-24 15:38:20,2026-09-24 15:38:20,2 min
TR-0501,SIMULATION,CRYPTO,BTC,Bitcoin / USD,COMPRA / VENTA,0.0,137677.2,132735.4,0.0,0.0,-3.59,EMPATE,Cierre por estrategia de IA,2026-09-24 15:38:08,2026-09-24 15:38:08,2 min
TR-0501,SIMULATION,CRYPTO,BTC,Bitcoin / USD,COMPRA / VENTA,0.0,142313.5,136761.1,0.0,0.0,-3.9,EMPATE,Cierre por estrategia de IA,2026-09-24 15:37:52,2026-09-24 15:37:52,2 min
TR-0501,SIMULATION,CRYPTO,BTC,Bitcoin / USD,COMPRA / VENTA,0.0,139697.8,141954.4,0.0,0.0,1.62,EMPATE,Cierre por estrategia de IA,2026-09-24 15:37:44,2026-09-24 15:37:44,2 min
TR-0501,SIMULATION,CRYPTO,BTC,Bitcoin / USD,COMPRA / VENTA,0.0,132612.9,139509.5,0.0,0.0,5.2,EMPATE,Cierre por estrategia de IA,2026-09-24 15:37:34,2026-09-24 15:37:34,2 min
TR-0501,SIMULATION,CRYPTO,BTC,Bitcoin / USD,COMPRA / VENTA,0.0,138446.4,133385.6,0.0,0.0,-3.66,EMPATE,Cierre por estrategia de IA,2026-09-24 15:36:46,2026-09-24 15:36:46,2 min
TR-0501,SIMULATION,CRYPTO,BTC,Bitcoin / USD,COMPRA / VENTA,0.0,142131.8,135876.7,0.0,0.0,-4.4,EMPATE,Cierre por estrategia de IA,2026-09-24 15:36:32,2026-09-24 15:36:32,2 min
TR-0501,SIMULATION,CRYPTO,BTC,Bitcoin / USD,COMPRA / VENTA,0.0,141094.1,143436.0,0.0,0.0,1.66,EMPATE,Cierre por estrategia de IA,2026-09-24 15:36:23,2026-09-24 15:36:23,2 min
TR-0501,SIMULATION,CRYPTO,BTC,Bitcoin / USD,COMPRA / VENTA,0.0,138224.4,140862.4,0.0,0.0,1.91,EMPATE,Cierre por estrategia de IA,2026-09-24 15:36:17,2026-09-24 15:36:17,2 min
TR-0501,SIMULATION,CRYPTO,BTC,Bitcoin / USD,COMPRA / VENTA,0.0,128099.3,136522.2,0.0,0.0,6.58,EMPATE,Cierre por estrategia de IA,2026-09-24 15:35:48,2026-09-24 15:35:48,2 min
TR-0501,SIMULATION,CRYPTO,BTC,Bitcoin / USD,COMPRA / VENTA,0.0,122060.0,128243.4,0.0,0.0,5.07,EMPATE,Cierre por estrategia de IA,2026-09-24 15:35:07,2026-09-24 15:35:07,2 min
TR-0501,SIMULATION,CRYPTO,BTC,Bitcoin / USD,COMPRA / VENTA,0.0,114810.2,121331.2,0.0,0.0,5.68,EMPATE,Cierre por estrategia de IA,2026-09-24 15:33:58,2026-09-24 15:33:58,2 min
TR-0501,SIMULATION,CRYPTO,BTC,Bitcoin / USD,COMPRA / VENTA,0.0,109759.0,116011.7,0.0,0.0,5.7,EMPATE,Cierre por estrategia de IA,2026-09-24 15:33:44,2026-09-24 15:33:44,2 min
TR-0501,SIMULATION,CRYPTO,BTC,Bitcoin / USD,COMPRA / VENTA,0.0,102867.3,108449.5,0.0,0.0,5.43,EMPATE,Cierre por estrategia de IA,2026-09-24 15:33:25,2026-09-24 15:33:25,2 min
TR-0501,SIMULATION,CRYPTO,BTC,Bitcoin / USD,COMPRA / VENTA,0.0,107302.7,103512.8,0.0,0.0,-3.53,EMPATE,Cierre por estrategia de IA,2026-09-24 15:33:05,2026-09-24 15:33:05,2 min
TR-0501,SIMULATION,CRYPTO,BTC,Bitcoin / USD,COMPRA / VENTA,0.0,108240.6,107623.9,0.0,0.0,-0.57,EMPATE,Cierre por estrategia de IA,2026-09-24 15:32:46,2026-09-24 15:32:46,2 min
TR-0501,SIMULATION,CRYPTO,BTC,Bitcoin / USD,COMPRA / VENTA,0.0,113855.8,109273.1,0.0,0.0,-4.03,EMPATE,Cierre por estrategia de IA,2026-09-24 15:32:38,2026-09-24 15:32:38,2 min
TR-0501,SIMULATION,CRYPTO,BTC,Bitcoin / USD,COMPRA / VENTA,0.0,119338.8,114481.5,0.0,0.0,-4.07,EMPATE,Cierre por estrategia de IA,2026-09-24 15:32:31,2026-09-24 15:32:31,2 min
TR-0501,SIMULATION,CRYPTO,BTC,Bitcoin / USD,COMPRA / VENTA,0.0,114848.2,120753.8,0.0,0.0,5.14,EMPATE,Cierre por estrategia de IA,2026-09-24 15:32:23,2026-09-24 15:32:23,2 min
TR-0501,SIMULATION,CRYPTO,BTC,Bitcoin / USD,COMPRA / VENTA,0.0,107729.9,113422.7,0.0,0.0,5.28,EMPATE,Cierre por estrategia de IA,2026-09-24 15:32:03,2026-09-24 15:32:03,2 min
TR-0501,SIMULATION,CRYPTO,BTC,Bitcoin / USD,COMPRA / VENTA,0.0,106710.9,108072.5,0.0,0.0,1.28,EMPATE,Cierre por estrategia de IA,2026-09-24 15:31:46,2026-09-24 15:31:46,2 min
TR-0501,SIMULATION,CRYPTO,BTC,Bitcoin / USD,COMPRA / VENTA,0.0,107915.0,107002.1,0.0,0.0,-0.85,EMPATE,Cierre por estrategia de IA,2026-09-24 15:31:10,2026-09-24 15:31:10,2 min
TR-0501,SIMULATION,CRYPTO,BTC,Bitcoin / USD,COMPRA / VENTA,0.0,108902.2,108164.7,0.0,0.0,-0.68,EMPATE,Cierre por estrategia de IA,2026-09-24 15:30:50,2026-09-24 15:30:50,2 min
TR-0501,SIMULATION,CRYPTO,BTC,Bitcoin / USD,COMPRA / VENTA,0.0,108139.3,109515.8,0.0,0.0,1.27,EMPATE,Cierre por estrategia de IA,2026-09-24 15:30:34,2026-09-24 15:30:34,2 min
TR-0501,SIMULATION,CRYPTO,BTC,Bitcoin / USD,COMPRA / VENTA,0.0,101958.1,107785.7,0.0,0.0,5.72,EMPATE,Cierre por estrategia de IA,2026-09-24 15:29:50,2026-09-24 15:29:50,2 min
TR-0501,SIMULATION,CRYPTO,BTC,Bitcoin / USD,COMPRA / VENTA,0.0,103876.3,99784.0,0.0,0.0,-3.94,EMPATE,Cierre por estrategia de IA,2026-09-24 15:29:11,2026-09-24 15:29:11,2 min
TR-0501,SIMULATION,CRYPTO,BTC,Bitcoin / USD,COMPRA / VENTA,0.0,107919.7,103930.9,0.0,0.0,-3.7,EMPATE,Cierre por estrategia de IA,2026-09-24 15:28:55,2026-09-24 15:28:55,2 min
TR-0501,SIMULATION,CRYPTO,BTC,Bitcoin / USD,COMPRA / VENTA,0.0,110137.7,106186.5,0.0,0.0,-3.59,EMPATE,Cierre por estrategia de IA,2026-09-24 15:28:28,2026-09-24 15:28:28,2 min
TR-0501,SIMULATION,CRYPTO,BTC,Bitcoin / USD,COMPRA / VENTA,0.0,107608.2,109506.6,0.0,0.0,1.76,EMPATE,Cierre por estrategia de IA,2026-09-24 15:28:03,2026-09-24 15:28:03,2 min
TR-0501,SIMULATION,CRYPTO,BTC,Bitcoin / USD,COMPRA / VENTA,0.0,104938.4,107739.2,0.0,0.0,2.67,EMPATE,Cierre por estrategia de IA,2026-09-24 15:27:56,2026-09-24 15:27:56,2 min
TR-0501,SIMULATION,CRYPTO,BTC,Bitcoin / USD,COMPRA / VENTA,0.0,110846.2,106444.6,0.0,0.0,-3.97,EMPATE,Cierre por estrategia de IA,2026-09-24 15:27:43,2026-09-24 15:27:43,2 min
TR-0501,SIMULATION,CRYPTO,BTC,Bitcoin / USD,COMPRA / VENTA,0.0,109135.7,111015.7,0.0,0.0,1.72,EMPATE,Cierre por estrategia de IA,2026-09-24 15:27:36,2026-09-24 15:27:36,2 min
TR-0501,SIMULATION,CRYPTO,BTC,Bitcoin / USD,COMPRA / VENTA,0.0,105911.6,108429.5,0.0,0.0,2.38,EMPATE,Cierre por estrategia de IA,2026-09-24 15:27:29,2026-09-24 15:27:29,2 min
TR-0501,SIMULATION,CRYPTO,BTC,Bitcoin / USD,COMPRA / VENTA,0.0,112376.5,108069.1,0.0,0.0,-3.83,EMPATE,Cierre por estrategia de IA,2026-09-24 15:27:06,2026-09-24 15:27:06,2 min
TR-0501,SIMULATION,CRYPTO,BTC,Bitcoin / USD,COMPRA / VENTA,0.0,113138.5,114963.5,0.0,0.0,1.61,EMPATE,Cierre por estrategia de IA,2026-09-24 15:26:51,2026-09-24 15:26:51,2 min
TR-0501,SIMULATION,CRYPTO,BTC,Bitcoin / USD,COMPRA / VENTA,0.0,110254.1,113874.3,0.0,0.0,3.28,EMPATE,Cierre por estrategia de IA,2026-09-24 15:26:36,2026-09-24 15:26:36,2 min
TR-0501,SIMULATION,CRYPTO,BTC,Bitcoin / USD,COMPRA / VENTA,0.0,107847.6,109828.3,0.0,0.0,1.84,EMPATE,Cierre por estrategia de IA,2026-09-24 15:26:22,2026-09-24 15:26:22,2 min
TR-0501,SIMULATION,CRYPTO,BTC,Bitcoin / USD,COMPRA / VENTA,0.0,102232.4,107419.1,0.0,0.0,5.07,EMPATE,Cierre por estrategia de IA,2026-09-24 15:26:07,2026-09-24 15:26:07,2 min
TR-0501,SIMULATION,CRYPTO,BTC,Bitcoin / USD,COMPRA / VENTA,0.0,105417.4,100809.0,0.0,0.0,-4.37,EMPATE,Cierre por estrategia de IA,2026-09-24 15:25:10,2026-09-24 15:25:10,2 min
TR-0501,SIMULATION,CRYPTO,BTC,Bitcoin / USD,COMPRA / VENTA,0.0,109687.8,105832.6,0.0,0.0,-3.51,EMPATE,Cierre por estrategia de IA,2026-09-24 15:24:56,2026-09-24 15:24:56,2 min
TR-0501,SIMULATION,CRYPTO,BTC,Bitcoin / USD,COMPRA / VENTA,0.0,107443.8,110303.3,0.0,0.0,2.66,EMPATE,Cierre por estrategia de IA,2026-09-24 15:24:47,2026-09-24 15:24:47,2 min
TR-0501,SIMULATION,CRYPTO,BTC,Bitcoin / USD,COMPRA / VENTA,0.0,104252.5,106510.3,0.0,0.0,2.17,EMPATE,Cierre por estrategia de IA,2026-09-24 15:24:32,2026-09-24 15:24:32,2 min
TR-0501,SIMULATION,CRYPTO,BTC,Bitcoin / USD,COMPRA / VENTA,0.0,101663.3,103596.5,0.0,0.0,1.9,EMPATE,Cierre por estrategia de IA,2026-09-24 15:24:25,2026-09-24 15:24:25,2 min
TR-0501,SIMULATION,CRYPTO,BTC,Bitcoin / USD,COMPRA / VENTA,0.0,103085.1,99472.5,0.0,0.0,-3.5,EMPATE,Cierre por estrategia de IA,2026-09-24 15:19:47,2026-09-24 15:19:47,2 min
TR-0501,SIMULATION,CRYPTO,BTC,Bitcoin / USD,COMPRA / VENTA,0.0,107508.3,103518.6,0.0,0.0,-3.71,EMPATE,Cierre por estrategia de IA,2026-09-24 15:19:31,2026-09-24 15:19:31,2 min
TR-0501,SIMULATION,CRYPTO,BTC,Bitcoin / USD,COMPRA / VENTA,0.0,106398.7,108082.1,0.0,0.0,1.58,EMPATE,Cierre por estrategia de IA,2026-09-24 15:19:01,2026-09-24 15:19:01,2 min
TR-0501,SIMULATION,CRYPTO,BTC,Bitcoin / USD,COMPRA / VENTA,0.0,104645.8,106150.9,0.0,0.0,1.44,EMPATE,Cierre por estrategia de IA,2026-09-24 15:18:52,2026-09-24 15:18:52,2 min
TR-0501,SIMULATION,CRYPTO,BTC,Bitcoin / USD,COMPRA / VENTA,0.0,103693.2,105281.2,0.0,0.0,1.53,EMPATE,Cierre por estrategia de IA,2026-09-24 15:18:47,2026-09-24 15:18:47,2 min
TR-0501,SIMULATION,CRYPTO,BTC,Bitcoin / USD,COMPRA / VENTA,0.0,101537.0,103873.9,0.0,0.0,2.3,EMPATE,Cierre por estrategia de IA,2026-09-24 15:18:40,2026-09-24 15:18:40,2 min
TR-0501,SIMULATION,CRYPTO,BTC,Bitcoin / USD,COMPRA / VENTA,0.0,101601.8,97367.7,0.0,0.0,-4.17,EMPATE,Cierre por estrategia de IA,2026-09-24 15:17:57,2026-09-24 15:17:57,2 min
TR-0501,SIMULATION,CRYPTO,BTC,Bitcoin / USD,COMPRA / VENTA,0.0,105019.7,100767.8,0.0,0.0,-4.05,EMPATE,Cierre por estrategia de IA,2026-09-24 15:17:37,2026-09-24 15:17:37,2 min
TR-0501,SIMULATION,CRYPTO,BTC,Bitcoin / USD,COMPRA / VENTA,0.0,111126.3,106978.3,0.0,0.0,-3.73,EMPATE,Cierre por estrategia de IA,2026-09-24 15:17:23,2026-09-24 15:17:23,2 min
TR-0501,SIMULATION,CRYPTO,BTC,Bitcoin / USD,COMPRA / VENTA,0.0,109210.1,111058.2,0.0,0.0,1.69,EMPATE,Cierre por estrategia de IA,2026-09-24 15:17:10,2026-09-24 15:17:10,2 min
TR-0501,SIMULATION,CRYPTO,BTC,Bitcoin / USD,COMPRA / VENTA,0.0,105779.6,108189.0,0.0,0.0,2.28,EMPATE,Cierre por estrategia de IA,2026-09-24 15:17:01,2026-09-24 15:17:01,2 min
TR-0501,SIMULATION,CRYPTO,BTC,Bitcoin / USD,COMPRA / VENTA,0.0,103910.6,105796.8,0.0,0.0,1.82,EMPATE,Cierre por estrategia de IA,2026-09-24 15:16:55,2026-09-24 15:16:55,2 min
TR-0501,SIMULATION,CRYPTO,BTC,Bitcoin / USD,COMPRA / VENTA,0.0,102639.4,104908.8,0.0,0.0,2.21,EMPATE,Cierre por estrategia de IA,2026-09-24 15:16:52,2026-09-24 15:16:52,2 min
TR-0501,SIMULATION,CRYPTO,BTC,Bitcoin / USD,COMPRA / VENTA,0.0,101550.3,103412.0,0.0,0.0,1.83,EMPATE,Cierre por estrategia de IA,2026-09-24 15:16:45,2026-09-24 15:16:45,2 min
TR-0501,SIMULATION,CRYPTO,BTC,Bitcoin / USD,COMPRA / VENTA,0.0,101027.8,102493.8,0.0,0.0,1.45,EMPATE,Cierre por estrategia de IA,2026-09-24 15:16:37,2026-09-24 15:16:37,2 min
TR-0501,SIMULATION,CRYPTO,BTC,Bitcoin / USD,COMPRA / VENTA,0.0,105151.3,100583.8,0.0,0.0,-4.34,EMPATE,Cierre por estrategia de IA,2026-09-24 15:16:18,2026-09-24 15:16:18,2 min
TR-0501,SIMULATION,CRYPTO,BTC,Bitcoin / USD,COMPRA / VENTA,0.0,110307.0,105796.5,0.0,0.0,-4.09,EMPATE,Cierre por estrategia de IA,2026-09-24 15:15:40,2026-09-24 15:15:40,2 min
TR-0501,SIMULATION,CRYPTO,BTC,Bitcoin / USD,COMPRA / VENTA,0.0,107258.3,108961.0,0.0,0.0,1.59,EMPATE,Cierre por estrategia de IA,2026-09-24 15:15:05,2026-09-24 15:15:05,2 min
TR-0501,SIMULATION,CRYPTO,BTC,Bitcoin / USD,COMPRA / VENTA,0.0,105973.4,107778.8,0.0,0.0,1.7,EMPATE,Cierre por estrategia de IA,2026-09-24 15:14:56,2026-09-24 15:14:56,2 min
TR-0501,SIMULATION,CRYPTO,BTC,Bitcoin / USD,COMPRA / VENTA,0.0,102488.8,104809.3,0.0,0.0,2.26,EMPATE,Cierre por estrategia de IA,2026-09-24 15:14:49,2026-09-24 15:14:49,2 min
TR-0501,SIMULATION,TRADFI_STOCK,SNDK,SanDisk Corp.,COMPRA / VENTA,6.853,78.5,79.03,537.96,3.63,0.68,GANANCIA,Cierre por estrategia de IA,2026-09-24 15:08:25,2026-09-24 15:08:25,2 min
TR-0501,SIMULATION,CRYPTO,BNB,Binance Coin,COMPRA / VENTA,1.565,657.39,640.08,1028.82,-27.09,-2.63,PÉRDIDA CONTROLADA,Cierre por estrategia de IA,2026-09-24 15:08:20,2026-09-24 15:08:20,2 min
TR-0501,SIMULATION,CRYPTO,XRP,Ripple / USD,COMPRA / VENTA,908.3,0.83,0.8,753.89,-27.25,-3.61,PÉRDIDA CONTROLADA,Cierre por estrategia de IA,2026-09-24 15:08:18,2026-09-24 15:08:18,2 min
TR-0501,SIMULATION,CRYPTO,XRP,Ripple / USD,COMPRA / VENTA,888.9,0.85,0.83,755.56,-17.77,-2.35,PÉRDIDA CONTROLADA,Cierre por estrategia de IA,2026-09-24 15:08:15,2026-09-24 15:08:15,2 min
TR-0501,SIMULATION,CRYPTO,XRP,Ripple / USD,COMPRA / VENTA,984.7,0.87,0.85,856.69,-19.69,-2.3,PÉRDIDA CONTROLADA,Cierre por estrategia de IA,2026-09-24 15:08:13,2026-09-24 15:08:13,2 min
TR-0501,SIMULATION,CRYPTO,BNB,Binance Coin,COMPRA / VENTA,1.468,668.79,657.39,981.78,-16.73,-1.7,PÉRDIDA CONTROLADA,Cierre por estrategia de IA,2026-09-24 15:08:12,2026-09-24 15:08:12,2 min
TR-0501,SIMULATION,TRADFI_STOCK,AMD,Advanced Micro Devices,COMPRA / VENTA,2.477,162.13,158.93,401.6,-7.93,-1.97,PÉRDIDA CONTROLADA,Cierre por estrategia de IA,2026-09-24 15:08:12,2026-09-24 15:08:12,2 min
TR-0501,SIMULATION,CRYPTO,BNB,Binance Coin,COMPRA / VENTA,1.547,667.33,668.79,1032.36,2.26,0.22,GANANCIA,Cierre por estrategia de IA,2026-09-24 15:08:09,2026-09-24 15:08:09,2 min
TR-0501,SIMULATION,ETF,QQQ,Invesco QQQ NASDAQ 100,COMPRA / VENTA,0.727,489.6,487.08,355.94,-1.83,-0.51,PÉRDIDA CONTROLADA,Cierre por estrategia de IA,2026-09-24 15:08:04,2026-09-24 15:08:04,2 min
TR-0501,SIMULATION,CRYPTO,BNB,Binance Coin,COMPRA / VENTA,1.445,678.68,661.02,980.69,-25.52,-2.6,PÉRDIDA CONTROLADA,Cierre por estrategia de IA,2026-09-24 15:08:02,2026-09-24 15:08:02,2 min
TR-0501,SIMULATION,TRADFI_STOCK,AMD,Advanced Micro Devices,COMPRA / VENTA,4.253,165.4,162.25,703.45,-13.4,-1.9,PÉRDIDA CONTROLADA,Cierre por estrategia de IA,2026-09-24 15:08:02,2026-09-24 15:08:02,2 min
TR-0501,SIMULATION,CRYPTO,XRP,Ripple / USD,COMPRA / VENTA,696.6,0.89,0.87,619.97,-13.93,-2.25,PÉRDIDA CONTROLADA,Cierre por estrategia de IA,2026-09-24 15:08:02,2026-09-24 15:08:02,2 min
TR-0501,SIMULATION,CRYPTO,BNB,Binance Coin,COMPRA / VENTA,1.588,640.64,678.68,1017.34,60.4,5.94,GANANCIA,Cierre por estrategia de IA,2026-09-24 15:07:57,2026-09-24 15:07:57,2 min
TR-0501,SIMULATION,CRYPTO,BTC,Bitcoin / USD,COMPRA / VENTA,0.0,101065.9,97141.3,0.0,0.0,-3.88,EMPATE,Cierre por estrategia de IA,2026-09-24 15:02:02,2026-09-24 15:02:02,2 min
TR-0501,SIMULATION,CRYPTO,BTC,Bitcoin / USD,COMPRA / VENTA,0.0,101093.1,100820.8,0.0,0.0,-0.27,EMPATE,Cierre por estrategia de IA,2026-09-24 14:59:43,2026-09-24 14:59:43,2 min
TR-0501,SIMULATION,CRYPTO,BTC,Bitcoin / USD,COMPRA / VENTA,0.0,103345.3,99379.0,0.0,0.0,-3.84,EMPATE,Cierre por estrategia de IA,2026-09-24 14:58:20,2026-09-24 14:58:20,2 min
TR-0501,SIMULATION,CRYPTO,BTC,Bitcoin / USD,COMPRA / VENTA,0.0,107465.2,103544.0,0.0,0.0,-3.65,EMPATE,Cierre por estrategia de IA,2026-09-24 14:58:08,2026-09-24 14:58:08,2 min
TR-0501,SIMULATION,CRYPTO,BTC,Bitcoin / USD,COMPRA / VENTA,0.0,107531.3,107099.5,0.0,0.0,-0.4,EMPATE,Cierre por estrategia de IA,2026-09-24 14:57:48,2026-09-24 14:57:48,2 min
TR-0501,SIMULATION,CRYPTO,BTC,Bitcoin / USD,COMPRA / VENTA,0.0,104311.1,106229.1,0.0,0.0,1.84,EMPATE,Cierre por estrategia de IA,2026-09-24 14:57:35,2026-09-24 14:57:35,2 min
TR-0501,SIMULATION,CRYPTO,BTC,Bitcoin / USD,COMPRA / VENTA,0.0,101243.3,104143.6,0.0,0.0,2.86,EMPATE,Cierre por estrategia de IA,2026-09-24 14:57:12,2026-09-24 14:57:12,2 min
TR-0501,SIMULATION,CRYPTO,BTC,Bitcoin / USD,COMPRA / VENTA,0.0,103450.4,99565.4,0.0,0.0,-3.76,EMPATE,Cierre por estrategia de IA,2026-09-24 14:56:25,2026-09-24 14:56:25,2 min
TR-0501,SIMULATION,CRYPTO,BTC,Bitcoin / USD,COMPRA / VENTA,0.0,108665.5,103696.8,0.0,0.0,-4.57,EMPATE,Cierre por estrategia de IA,2026-09-24 14:56:12,2026-09-24 14:56:12,2 min
TR-0501,SIMULATION,CRYPTO,BTC,Bitcoin / USD,COMPRA / VENTA,0.0,106375.7,108592.9,0.0,0.0,2.08,EMPATE,Cierre por estrategia de IA,2026-09-24 14:55:54,2026-09-24 14:55:54,2 min
TR-0501,SIMULATION,CRYPTO,BTC,Bitcoin / USD,COMPRA / VENTA,0.0,103991.3,105915.0,0.0,0.0,1.85,EMPATE,Cierre por estrategia de IA,2026-09-24 14:55:44,2026-09-24 14:55:44,2 min
TR-0501,SIMULATION,CRYPTO,BTC,Bitcoin / USD,COMPRA / VENTA,0.0,101093.1,103283.9,0.0,0.0,2.17,EMPATE,Cierre por estrategia de IA,2026-09-24 14:55:35,2026-09-24 14:55:35,2 min
TR-0501,SIMULATION,CRYPTO,BTC,Bitcoin / USD,COMPRA / VENTA,0.0,103294.4,99227.5,0.0,0.0,-3.94,EMPATE,Cierre por estrategia de IA,2026-09-24 14:54:23,2026-09-24 14:54:23,2 min
TR-0501,SIMULATION,CRYPTO,BTC,Bitcoin / USD,COMPRA / VENTA,0.0,102786.9,104588.0,0.0,0.0,1.75,EMPATE,Cierre por estrategia de IA,2026-09-24 14:53:53,2026-09-24 14:53:53,2 min
TR-0501,SIMULATION,CRYPTO,BTC,Bitcoin / USD,COMPRA / VENTA,0.0,101752.7,103208.8,0.0,0.0,1.43,EMPATE,Cierre por estrategia de IA,2026-09-24 14:53:33,2026-09-24 14:53:33,2 min
TR-0501,SIMULATION,CRYPTO,BTC,Bitcoin / USD,COMPRA / VENTA,0.0,101616.6,101766.9,0.0,0.0,0.15,EMPATE,Cierre por estrategia de IA,2026-09-24 14:53:29,2026-09-24 14:53:29,2 min
TR-0501,SIMULATION,CRYPTO,BTC,Bitcoin / USD,COMPRA / VENTA,0.0,103845.5,98961.1,0.0,0.0,-4.7,EMPATE,Cierre por estrategia de IA,2026-09-24 14:52:51,2026-09-24 14:52:51,2 min
TR-0501,SIMULATION,CRYPTO,BTC,Bitcoin / USD,COMPRA / VENTA,0.0,109032.2,105072.6,0.0,0.0,-3.63,EMPATE,Cierre por estrategia de IA,2026-09-24 14:52:06,2026-09-24 14:52:06,2 min
TR-0501,SIMULATION,CRYPTO,BTC,Bitcoin / USD,COMPRA / VENTA,0.0,106582.4,108981.7,0.0,0.0,2.25,EMPATE,Cierre por estrategia de IA,2026-09-24 14:52:00,2026-09-24 14:52:00,2 min
TR-0501,SIMULATION,CRYPTO,BTC,Bitcoin / USD,COMPRA / VENTA,0.0,104772.2,106895.3,0.0,0.0,2.03,EMPATE,Cierre por estrategia de IA,2026-09-24 14:51:55,2026-09-24 14:51:55,2 min
TR-0501,SIMULATION,CRYPTO,BTC,Bitcoin / USD,COMPRA / VENTA,0.0,103626.4,105255.6,0.0,0.0,1.57,EMPATE,Cierre por estrategia de IA,2026-09-24 14:51:44,2026-09-24 14:51:44,2 min
TR-0501,SIMULATION,CRYPTO,BTC,Bitcoin / USD,COMPRA / VENTA,0.0,101703.1,103195.3,0.0,0.0,1.47,EMPATE,Cierre por estrategia de IA,2026-09-24 14:51:41,2026-09-24 14:51:41,2 min
TR-0501,SIMULATION,CRYPTO,BNB,Binance Coin,COMPRA / VENTA,1.252,709.46,707.79,888.24,-2.09,-0.24,PÉRDIDA CONTROLADA,Cierre por estrategia de IA,2026-09-24 14:42:33,2026-09-24 14:42:33,2 min
TR-0501,SIMULATION,CRYPTO,XRP,Ripple / USD,COMPRA / VENTA,552.3,0.8,0.8,441.84,0.0,0.0,EMPATE,Cierre por estrategia de IA,2026-09-24 14:42:31,2026-09-24 14:42:31,2 min
TR-0501,SIMULATION,TRADFI_STOCK,INTC,Intel Corporation,COMPRA / VENTA,32.231,26.67,26.71,859.6,1.29,0.15,GANANCIA,Cierre por estrategia de IA,2026-09-24 14:42:31,2026-09-24 14:42:31,2 min
TR-0501,SIMULATION,CRYPTO,XRP,Ripple / USD,COMPRA / VENTA,601.9,0.82,0.8,493.56,-12.04,-2.44,PÉRDIDA CONTROLADA,Cierre por estrategia de IA,2026-09-24 14:42:29,2026-09-24 14:42:29,2 min
TR-0501,SIMULATION,CRYPTO,XRP,Ripple / USD,COMPRA / VENTA,482.8,0.81,0.82,391.07,4.83,1.23,GANANCIA,Cierre por estrategia de IA,2026-09-24 14:42:26,2026-09-24 14:42:26,2 min
TR-0501,SIMULATION,TRADFI_STOCK,AMD,Advanced Micro Devices,COMPRA / VENTA,6.948,180.51,176.37,1254.18,-28.76,-2.29,PÉRDIDA CONTROLADA,Cierre por estrategia de IA,2026-09-24 14:42:26,2026-09-24 14:42:26,2 min
TR-0501,SIMULATION,CRYPTO,LINK,Chainlink / USD,COMPRA / VENTA,24.191,13.51,14.64,326.82,27.34,8.36,GANANCIA,Cierre por estrategia de IA,2026-09-24 14:42:24,2026-09-24 14:42:24,2 min
TR-0501,SIMULATION,TRADFI_STOCK,INTC,Intel Corporation,COMPRA / VENTA,56.027,26.74,26.67,1498.16,-3.92,-0.26,PÉRDIDA CONTROLADA,Cierre por estrategia de IA,2026-09-24 14:42:20,2026-09-24 14:42:20,2 min
TR-0501,SIMULATION,CRYPTO,XRP,Ripple / USD,COMPRA / VENTA,461.4,0.85,0.81,392.19,-18.46,-4.71,PÉRDIDA CONTROLADA,Cierre por estrategia de IA,2026-09-24 14:42:18,2026-09-24 14:42:18,2 min
TR-0501,SIMULATION,CRYPTO,XRP,Ripple / USD,COMPRA / VENTA,810.2,0.79,0.85,640.06,48.61,7.59,GANANCIA,Cierre por estrategia de IA,2026-09-24 14:42:15,2026-09-24 14:42:15,2 min
TR-0501,SIMULATION,TRADFI_STOCK,AMD,Advanced Micro Devices,COMPRA / VENTA,3.776,168.38,180.51,635.8,45.81,7.2,GANANCIA,Cierre por estrategia de IA,2026-09-24 14:42:09,2026-09-24 14:42:09,2 min
TR-0501,SIMULATION,CRYPTO,LINK,Chainlink / USD,COMPRA / VENTA,23.593,13.32,13.51,314.26,4.48,1.43,GANANCIA,Cierre por estrategia de IA,2026-09-24 14:42:06,2026-09-24 14:42:06,2 min
TR-0501,SIMULATION,TRADFI_STOCK,AAPL,Apple Inc.,COMPRA / VENTA,1.888,235.43,244.63,444.49,17.37,3.91,GANANCIA,Cierre por estrategia de IA,2026-09-24 14:42:03,2026-09-24 14:42:03,2 min
TR-0501,SIMULATION,TRADFI_STOCK,NVDA,NVIDIA Corp.,COMPRA / VENTA,11.441,171.08,172.44,1957.33,15.56,0.79,GANANCIA,Cierre por estrategia de IA,2026-09-24 14:42:01,2026-09-24 14:42:01,2 min
TR-0501,SIMULATION,CRYPTO,XRP,Ripple / USD,COMPRA / VENTA,810.2,0.79,0.79,640.06,0.0,0.0,EMPATE,Cierre por estrategia de IA,2026-09-24 14:41:57,2026-09-24 14:41:57,2 min
TR-0501,SIMULATION,CRYPTO,XRP,Ripple / USD,COMPRA / VENTA,779.2,0.8,0.78,623.36,-15.58,-2.5,PÉRDIDA CONTROLADA,Cierre por estrategia de IA,2026-09-24 14:41:46,2026-09-24 14:41:46,2 min
TR-0501,SIMULATION,TRADFI_STOCK,INTC,Intel Corporation,COMPRA / VENTA,46.338,25.93,27.49,1201.54,72.29,6.02,GANANCIA,Cierre por estrategia de IA,2026-09-24 14:41:44,2026-09-24 14:41:44,2 min
TR-0501,SIMULATION,CRYPTO,XRP,Ripple / USD,COMPRA / VENTA,825.5,0.79,0.8,652.14,8.26,1.27,GANANCIA,Cierre por estrategia de IA,2026-09-24 14:41:35,2026-09-24 14:41:35,2 min
TR-0501,SIMULATION,TRADFI_STOCK,AMZN,Amazon.com,COMPRA / VENTA,1.775,229.96,225.58,408.18,-7.78,-1.9,PÉRDIDA CONTROLADA,Cierre por estrategia de IA,2026-09-24 14:41:27,2026-09-24 14:41:27,2 min
TR-0501,SIMULATION,CRYPTO,LINK,Chainlink / USD,COMPRA / VENTA,28.105,13.37,12.89,375.76,-13.49,-3.59,PÉRDIDA CONTROLADA,Cierre por estrategia de IA,2026-09-24 14:41:24,2026-09-24 14:41:24,2 min
TR-0501,SIMULATION,CRYPTO,BNB,Binance Coin,COMPRA / VENTA,1.107,681.59,668.68,754.52,-14.29,-1.89,PÉRDIDA CONTROLADA,Cierre por estrategia de IA,2026-09-24 14:41:21,2026-09-24 14:41:21,2 min
TR-0501,SIMULATION,CRYPTO,LINK,Chainlink / USD,COMPRA / VENTA,34.136,13.34,13.37,455.37,1.03,0.22,GANANCIA,Cierre por estrategia de IA,2026-09-24 14:41:21,2026-09-24 14:41:21,2 min
TR-0501,SIMULATION,TRADFI_STOCK,AMZN,Amazon.com,COMPRA / VENTA,2.076,229.54,231.13,476.53,3.3,0.69,GANANCIA,Cierre por estrategia de IA,2026-09-24 14:41:21,2026-09-24 14:41:21,2 min
TR-0501,SIMULATION,TRADFI_STOCK,INTC,Intel Corporation,COMPRA / VENTA,27.85,24.88,25.93,692.91,29.24,4.22,GANANCIA,Cierre por estrategia de IA,2026-09-24 14:41:18,2026-09-24 14:41:18,2 min
TR-0501,SIMULATION,CRYPTO,BNB,Binance Coin,COMPRA / VENTA,1.399,680.51,681.36,952.03,1.19,0.12,GANANCIA,Cierre por estrategia de IA,2026-09-24 14:41:16,2026-09-24 14:41:16,2 min
TR-0501,SIMULATION,TRADFI_STOCK,NVDA,NVIDIA Corp.,COMPRA / VENTA,7.651,159.33,169.22,1219.03,75.67,6.21,GANANCIA,Cierre por estrategia de IA,2026-09-24 14:41:16,2026-09-24 14:41:16,2 min
TR-0501,SIMULATION,CRYPTO,LINK,Chainlink / USD,COMPRA / VENTA,53.312,13.19,13.34,703.19,7.99,1.14,GANANCIA,Cierre por estrategia de IA,2026-09-24 14:41:16,2026-09-24 14:41:16,2 min
TR-0501,SIMULATION,TRADFI_STOCK,AAPL,Apple Inc.,COMPRA / VENTA,3.313,235.07,231.13,778.79,-13.06,-1.68,PÉRDIDA CONTROLADA,Cierre por estrategia de IA,2026-09-24 14:40:58,2026-09-24 14:40:58,2 min
TR-0501,SIMULATION,CRYPTO,BNB,Binance Coin,COMPRA / VENTA,1.275,688.92,674.02,878.37,-18.99,-2.16,PÉRDIDA CONTROLADA,Cierre por estrategia de IA,2026-09-24 14:40:58,2026-09-24 14:40:58,2 min
TR-0501,SIMULATION,CRYPTO,LINK,Chainlink / USD,COMPRA / VENTA,58.532,11.91,11.72,697.12,-11.12,-1.6,PÉRDIDA CONTROLADA,Cierre por estrategia de IA,2026-09-24 14:36:02,2026-09-24 14:36:02,2 min
TR-0501,SIMULATION,CRYPTO,SOL,Solana / USD,COMPRA / VENTA,4.506,147.79,146.69,665.94,-4.95,-0.74,PÉRDIDA CONTROLADA,Cierre por estrategia de IA,2026-09-24 14:35:57,2026-09-24 14:35:57,2 min
TR-0501,SIMULATION,CRYPTO,NEAR,NEAR Protocol,COMPRA / VENTA,133.621,4.64,5.1,620.0,61.47,9.91,GANANCIA,Cierre por estrategia de IA,2026-09-24 14:35:56,2026-09-24 14:35:56,2 min
TR-0501,SIMULATION,TRADFI_STOCK,AMD,Advanced Micro Devices,COMPRA / VENTA,5.291,180.27,181.9,953.81,8.62,0.9,GANANCIA,Cierre por estrategia de IA,2026-09-24 14:30:28,2026-09-24 14:30:28,2 min
TR-0501,SIMULATION,CRYPTO,LINK,Chainlink / USD,COMPRA / VENTA,37.261,16.19,16.71,603.26,19.37,3.21,GANANCIA,Cierre por estrategia de IA,2026-09-24 14:30:28,2026-09-24 14:30:28,2 min
TR-0501,SIMULATION,CRYPTO,SOL,Solana / USD,COMPRA / VENTA,2.557,155.7,162.42,398.12,17.19,4.32,GANANCIA,Cierre por estrategia de IA,2026-09-24 14:30:28,2026-09-24 14:30:28,2 min
TR-0501,SIMULATION,TRADFI_STOCK,INTC,Intel Corporation,COMPRA / VENTA,27.071,29.33,29.6,793.99,7.31,0.92,GANANCIA,Cierre por estrategia de IA,2026-09-24 14:30:28,2026-09-24 14:30:28,2 min
TR-0501,SIMULATION,TRADFI_STOCK,AAPL,Apple Inc.,COMPRA / VENTA,2.731,233.8,236.11,638.51,6.31,0.99,GANANCIA,Cierre por estrategia de IA,2026-09-24 14:30:27,2026-09-24 14:30:27,2 min
TR-0501,SIMULATION,CRYPTO,ADA,Cardano / USD,COMPRA / VENTA,1112.1,0.44,0.47,489.32,33.37,6.82,GANANCIA,Cierre por estrategia de IA,2026-09-24 14:30:21,2026-09-24 14:30:21,2 min
TR-0501,SIMULATION,CRYPTO,LINK,Chainlink / USD,COMPRA / VENTA,32.726,14.91,16.19,487.94,41.89,8.58,GANANCIA,Cierre por estrategia de IA,2026-09-24 14:30:21,2026-09-24 14:30:21,2 min
TR-0501,SIMULATION,TRADFI_STOCK,AMD,Advanced Micro Devices,COMPRA / VENTA,3.14,177.62,178.6,557.73,3.07,0.55,GANANCIA,Cierre por estrategia de IA,2026-09-24 14:30:18,2026-09-24 14:30:18,2 min
TR-0501,SIMULATION,CRYPTO,ADA,Cardano / USD,COMPRA / VENTA,1088.9,0.45,0.44,490.01,-10.89,-2.22,PÉRDIDA CONTROLADA,Cierre por estrategia de IA,2026-09-24 14:30:14,2026-09-24 14:30:14,2 min
TR-0501,SIMULATION,CRYPTO,ADA,Cardano / USD,COMPRA / VENTA,1157.8,0.42,0.45,486.28,34.73,7.14,GANANCIA,Cierre por estrategia de IA,2026-09-24 14:30:12,2026-09-24 14:30:12,2 min
TR-0501,SIMULATION,CRYPTO,LINK,Chainlink / USD,COMPRA / VENTA,38.367,13.85,14.91,531.38,40.67,7.65,GANANCIA,Cierre por estrategia de IA,2026-09-24 14:30:02,2026-09-24 14:30:02,2 min
TR-0501,SIMULATION,CRYPTO,ETH,Ethereum / USD,COMPRA / VENTA,0.16531,2826.5,3015.5,467.25,31.24,6.69,GANANCIA,Cierre por estrategia de IA,2026-09-24 14:30:00,2026-09-24 14:30:00,2 min
TR-0501,SIMULATION,CRYPTO,ADA,Cardano / USD,COMPRA / VENTA,1157.8,0.42,0.42,486.28,0.0,0.0,EMPATE,Cierre por estrategia de IA,2026-09-24 14:29:54,2026-09-24 14:29:54,2 min
TR-0501,SIMULATION,CRYPTO,ADA,Cardano / USD,COMPRA / VENTA,1275.0,0.42,0.42,535.5,0.0,0.0,EMPATE,Cierre por estrategia de IA,2026-09-24 14:29:49,2026-09-24 14:29:49,2 min
TR-0501,SIMULATION,CRYPTO,ADA,Cardano / USD,COMPRA / VENTA,1217.6,0.41,0.42,499.22,12.17,2.44,GANANCIA,Cierre por estrategia de IA,2026-09-24 14:29:40,2026-09-24 14:29:40,2 min
TR-0501,SIMULATION,TRADFI_STOCK,INTC,Intel Corporation,COMPRA / VENTA,19.629,27.74,29.22,544.51,29.05,5.34,GANANCIA,Cierre por estrategia de IA,2026-09-24 14:29:40,2026-09-24 14:29:40,2 min
TR-0501,SIMULATION,CRYPTO,ADA,Cardano / USD,COMPRA / VENTA,1246.1,0.4,0.41,498.44,12.46,2.5,GANANCIA,Cierre por estrategia de IA,2026-09-24 14:29:38,2026-09-24 14:29:38,2 min
TR-0501,SIMULATION,CRYPTO,ADA,Cardano / USD,COMPRA / VENTA,1169.9,0.41,0.4,479.66,-11.7,-2.44,PÉRDIDA CONTROLADA,Cierre por estrategia de IA,2026-09-24 14:29:35,2026-09-24 14:29:35,2 min
TR-0501,SIMULATION,CRYPTO,SOL,Solana / USD,COMPRA / VENTA,6.672,159.93,154.9,1067.05,-33.56,-3.15,PÉRDIDA CONTROLADA,Cierre por estrategia de IA,2026-09-24 14:29:35,2026-09-24 14:29:35,2 min
TR-0501,SIMULATION,CRYPTO,LINK,Chainlink / USD,COMPRA / VENTA,67.472,13.53,13.61,912.9,5.39,0.59,GANANCIA,Cierre por estrategia de IA,2026-09-24 14:29:34,2026-09-24 14:29:34,2 min
TR-0501,SIMULATION,CRYPTO,ADA,Cardano / USD,COMPRA / VENTA,1224.2,0.42,0.41,514.16,-12.24,-2.38,PÉRDIDA CONTROLADA,Cierre por estrategia de IA,2026-09-24 14:29:32,2026-09-24 14:29:32,2 min
TR-0501,SIMULATION,CRYPTO,ADA,Cardano / USD,COMPRA / VENTA,1351.5,0.43,0.42,581.14,-13.51,-2.33,PÉRDIDA CONTROLADA,Cierre por estrategia de IA,2026-09-24 14:29:28,2026-09-24 14:29:28,2 min
TR-0501,SIMULATION,CRYPTO,ADA,Cardano / USD,COMPRA / VENTA,1165.8,0.44,0.43,512.95,-11.66,-2.27,PÉRDIDA CONTROLADA,Cierre por estrategia de IA,2026-09-24 14:29:27,2026-09-24 14:29:27,2 min
TR-0501,SIMULATION,CRYPTO,ETH,Ethereum / USD,COMPRA / VENTA,0.16873,2841.8,2785.5,479.5,-9.5,-1.98,PÉRDIDA CONTROLADA,Cierre por estrategia de IA,2026-09-24 14:29:27,2026-09-24 14:29:27,2 min
TR-0501,SIMULATION,TRADFI_STOCK,INTC,Intel Corporation,COMPRA / VENTA,23.614,27.38,27.18,646.55,-4.72,-0.73,PÉRDIDA CONTROLADA,Cierre por estrategia de IA,2026-09-24 14:29:26,2026-09-24 14:29:26,2 min
TR-0501,SIMULATION,CRYPTO,SOL,Solana / USD,COMPRA / VENTA,6.238,161.16,163.37,1005.32,13.78,1.37,GANANCIA,Cierre por estrategia de IA,2026-09-24 14:29:25,2026-09-24 14:29:25,2 min
TR-0501,SIMULATION,TRADFI_STOCK,SNDK,SanDisk Corp.,COMPRA / VENTA,5.918,85.11,83.74,503.68,-8.11,-1.61,PÉRDIDA CONTROLADA,Cierre por estrategia de IA,2026-09-24 14:29:23,2026-09-24 14:29:23,2 min
TR-0501,SIMULATION,CRYPTO,NEAR,NEAR Protocol,COMPRA / VENTA,104.238,4.99,4.98,520.15,-1.04,-0.2,PÉRDIDA CONTROLADA,Cierre por estrategia de IA,2026-09-24 14:29:21,2026-09-24 14:29:21,2 min
TR-0501,SIMULATION,CRYPTO,NEAR,NEAR Protocol,COMPRA / VENTA,85.076,4.62,4.99,393.05,31.48,8.01,GANANCIA,Cierre por estrategia de IA,2026-09-24 14:29:19,2026-09-24 14:29:19,2 min
TR-0501,SIMULATION,TRADFI_STOCK,SNDK,SanDisk Corp.,COMPRA / VENTA,5.26,85.12,85.14,447.73,0.11,0.02,GANANCIA,Cierre por estrategia de IA,2026-09-24 14:29:19,2026-09-24 14:29:19,2 min
TR-0501,SIMULATION,CRYPTO,ETH,Ethereum / USD,COMPRA / VENTA,0.16952,2815.8,2832.3,477.33,2.8,0.59,GANANCIA,Cierre por estrategia de IA,2026-09-24 14:29:19,2026-09-24 14:29:19,2 min
TR-0501,SIMULATION,TRADFI_STOCK,SPCX,Space Exploration ETF,COMPRA / VENTA,15.729,34.81,36.52,547.53,26.89,4.91,GANANCIA,Cierre por estrategia de IA,2026-09-24 14:29:13,2026-09-24 14:29:13,2 min
TR-0501,SIMULATION,CRYPTO,SOL,Solana / USD,COMPRA / VENTA,6.709,163.93,162.03,1099.81,-12.75,-1.16,PÉRDIDA CONTROLADA,Cierre por estrategia de IA,2026-09-24 14:29:11,2026-09-24 14:29:11,2 min
TR-0501,SIMULATION,CRYPTO,LINK,Chainlink / USD,COMPRA / VENTA,32.946,13.83,13.4,455.64,-14.16,-3.11,PÉRDIDA CONTROLADA,Cierre por estrategia de IA,2026-09-24 14:29:00,2026-09-24 14:29:00,2 min
TR-0501,SIMULATION,CRYPTO,BTC,Bitcoin / USD,COMPRA / VENTA,0.01201,68215.1,73671.0,819.26,65.53,8.0,GANANCIA,Cierre por estrategia de IA,2026-09-24 14:29:00,2026-09-24 14:29:00,2 min
TR-0501,SIMULATION,TRADFI_STOCK,SNDK,SanDisk Corp.,COMPRA / VENTA,9.354,86.43,84.67,808.47,-16.47,-2.04,PÉRDIDA CONTROLADA,Cierre por estrategia de IA,2026-09-24 14:28:59,2026-09-24 14:28:59,2 min
TR-0501,SIMULATION,CRYPTO,SOL,Solana / USD,COMPRA / VENTA,4.24,153.73,165.08,651.82,48.12,7.38,GANANCIA,Cierre por estrategia de IA,2026-09-24 14:28:59,2026-09-24 14:28:59,2 min
TR-0501,SIMULATION,CRYPTO,LINK,Chainlink / USD,COMPRA / VENTA,33.099,13.99,13.83,463.06,-5.3,-1.14,PÉRDIDA CONTROLADA,Cierre por estrategia de IA,2026-09-24 14:28:56,2026-09-24 14:28:56,2 min
TR-0501,SIMULATION,TRADFI_STOCK,SNDK,SanDisk Corp.,COMPRA / VENTA,8.033,85.92,86.43,690.2,4.09,0.59,GANANCIA,Cierre por estrategia de IA,2026-09-24 14:28:55,2026-09-24 14:28:55,2 min
TR-0501,SIMULATION,CRYPTO,LINK,Chainlink / USD,COMPRA / VENTA,32.213,14.4,13.99,463.87,-13.21,-2.85,PÉRDIDA CONTROLADA,Cierre por estrategia de IA,2026-09-24 14:28:51,2026-09-24 14:28:51,2 min
TR-0501,SIMULATION,CRYPTO,LINK,Chainlink / USD,COMPRA / VENTA,32.357,14.91,14.4,482.44,-16.5,-3.42,PÉRDIDA CONTROLADA,Cierre por estrategia de IA,2026-09-24 14:28:50,2026-09-24 14:28:50,2 min
TR-0501,SIMULATION,TRADFI_STOCK,AMD,Advanced Micro Devices,COMPRA / VENTA,2.299,163.65,160.41,376.23,-7.45,-1.98,PÉRDIDA CONTROLADA,Cierre por estrategia de IA,2026-09-24 14:28:49,2026-09-24 14:28:49,2 min
TR-0501,SIMULATION,CRYPTO,LINK,Chainlink / USD,COMPRA / VENTA,53.842,13.83,14.91,744.63,58.15,7.81,GANANCIA,Cierre por estrategia de IA,2026-09-24 14:28:45,2026-09-24 14:28:45,2 min
TR-0501,SIMULATION,TRADFI_STOCK,SNDK,SanDisk Corp.,COMPRA / VENTA,7.118,85.87,85.92,611.22,0.36,0.06,GANANCIA,Cierre por estrategia de IA,2026-09-24 14:28:43,2026-09-24 14:28:43,2 min
TR-0501,SIMULATION,CRYPTO,ETH,Ethereum / USD,COMPRA / VENTA,0.16379,2853.3,2794.8,467.34,-9.58,-2.05,PÉRDIDA CONTROLADA,Cierre por estrategia de IA,2026-09-24 14:28:42,2026-09-24 14:28:42,2 min
TR-0501,SIMULATION,TRADFI_STOCK,AMD,Advanced Micro Devices,COMPRA / VENTA,2.115,162.9,163.65,344.53,1.59,0.46,GANANCIA,Cierre por estrategia de IA,2026-09-24 14:28:37,2026-09-24 14:28:37,2 min
TR-0501,SIMULATION,CRYPTO,LINK,Chainlink / USD,COMPRA / VENTA,61.544,12.93,13.83,795.76,55.39,6.96,GANANCIA,Cierre por estrategia de IA,2026-09-24 14:28:34,2026-09-24 14:28:34,2 min
TR-0501,SIMULATION,TRADFI_STOCK,SNDK,SanDisk Corp.,COMPRA / VENTA,5.581,81.6,85.87,455.41,23.83,5.23,GANANCIA,Cierre por estrategia de IA,2026-09-24 14:28:31,2026-09-24 14:28:31,2 min
TR-0501,SIMULATION,CRYPTO,ETH,Ethereum / USD,COMPRA / VENTA,0.15567,2910.1,2854.0,453.02,-8.74,-1.93,PÉRDIDA CONTROLADA,Cierre por estrategia de IA,2026-09-24 14:28:29,2026-09-24 14:28:29,2 min
TR-0501,SIMULATION,TRADFI_STOCK,MSFT,Microsoft Corp.,COMPRA / VENTA,3.373,438.68,432.77,1479.67,-19.94,-1.35,PÉRDIDA CONTROLADA,Cierre por estrategia de IA,2026-09-24 14:28:29,2026-09-24 14:28:29,2 min
TR-0501,SIMULATION,CRYPTO,BTC,Bitcoin / USD,COMPRA / VENTA,0.00773,68065.4,68215.1,526.15,1.15,0.22,GANANCIA,Cierre por estrategia de IA,2026-09-24 14:28:28,2026-09-24 14:28:28,2 min
TR-0501,SIMULATION,CRYPTO,ETH,Ethereum / USD,COMPRA / VENTA,0.28118,2984.5,2910.1,839.18,-20.92,-2.49,PÉRDIDA CONTROLADA,Cierre por estrategia de IA,2026-09-24 14:28:19,2026-09-24 14:28:19,2 min
TR-0501,SIMULATION,TRADFI_STOCK,SPCX,Space Exploration ETF,COMPRA / VENTA,17.519,35.9,35.35,628.93,-9.63,-1.53,PÉRDIDA CONTROLADA,Cierre por estrategia de IA,2026-09-24 14:28:18,2026-09-24 14:28:18,2 min
TR-0501,SIMULATION,CRYPTO,ETH,Ethereum / USD,COMPRA / VENTA,0.26697,2796.3,2984.5,746.53,50.24,6.73,GANANCIA,Cierre por estrategia de IA,2026-09-24 14:28:15,2026-09-24 14:28:15,2 min
TR-0501,SIMULATION,TRADFI_STOCK,SPCX,Space Exploration ETF,COMPRA / VENTA,14.5,34.24,35.9,496.48,24.07,4.85,GANANCIA,Cierre por estrategia de IA,2026-09-24 14:28:12,2026-09-24 14:28:12,2 min
TR-0501,SIMULATION,CRYPTO,BTC,Bitcoin / USD,COMPRA / VENTA,0.01216,69987.5,67946.5,851.05,-24.82,-2.92,PÉRDIDA CONTROLADA,Cierre por estrategia de IA,2026-09-24 14:28:04,2026-09-24 14:28:04,2 min
TR-0501,SIMULATION,TRADFI_STOCK,MSFT,Microsoft Corp.,COMPRA / VENTA,4.001,445.08,438.68,1780.77,-25.61,-1.44,PÉRDIDA CONTROLADA,Cierre por estrategia de IA,2026-09-24 14:28:02,2026-09-24 14:28:02,2 min
TR-0501,SIMULATION,TRADFI_STOCK,AAPL,Apple Inc.,COMPRA / VENTA,2.063,230.71,232.53,475.95,3.76,0.79,GANANCIA,Cierre por estrategia de IA,2026-09-24 14:27:56,2026-09-24 14:27:56,2 min
TR-0501,SIMULATION,TRADFI_STOCK,MSFT,Microsoft Corp.,COMPRA / VENTA,2.662,425.75,445.08,1133.35,51.45,4.54,GANANCIA,Cierre por estrategia de IA,2026-09-24 14:27:55,2026-09-24 14:27:55,2 min
TR-0501,SIMULATION,TRADFI_STOCK,INTC,Intel Corporation,COMPRA / VENTA,18.435,26.39,27.81,486.5,26.18,5.38,GANANCIA,Cierre por estrategia de IA,2026-09-24 14:27:49,2026-09-24 14:27:49,2 min
TR-0501,SIMULATION,TRADFI_STOCK,SPCX,Space Exploration ETF,COMPRA / VENTA,13.768,32.34,34.05,445.26,23.54,5.29,GANANCIA,Cierre por estrategia de IA,2026-09-24 14:27:40,2026-09-24 14:27:40,2 min
TR-0501,SIMULATION,CRYPTO,SOL,Solana / USD,COMPRA / VENTA,6.248,159.2,152.02,994.68,-44.86,-4.51,PÉRDIDA CONTROLADA,Cierre por estrategia de IA,2026-09-24 14:27:32,2026-09-24 14:27:32,2 min
TR-0501,SIMULATION,CRYPTO,BTC,Bitcoin / USD,COMPRA / VENTA,0.0111,64248.9,69566.9,713.16,59.03,8.28,GANANCIA,Cierre por estrategia de IA,2026-09-24 14:27:30,2026-09-24 14:27:30,2 min
TR-0501,SIMULATION,TRADFI_STOCK,NVDA,NVIDIA Corp.,COMPRA / VENTA,5.744,145.17,153.85,833.86,49.85,5.98,GANANCIA,Cierre por estrategia de IA,2026-09-24 14:27:27,2026-09-24 14:27:27,2 min
TR-0501,SIMULATION,TRADFI_STOCK,META,"Meta Platforms, Inc.",COMPRA / VENTA,1.189,598.75,588.8,711.91,-11.83,-1.66,PÉRDIDA CONTROLADA,Cierre por estrategia de IA,2026-09-24 14:27:25,2026-09-24 14:27:25,2 min
TR-0501,SIMULATION,TRADFI_STOCK,INTC,Intel Corporation,COMPRA / VENTA,15.077,26.11,26.31,393.66,3.02,0.77,GANANCIA,Cierre por estrategia de IA,2026-09-24 14:27:25,2026-09-24 14:27:25,2 min
TR-0501,SIMULATION,CRYPTO,SOL,Solana / USD,COMPRA / VENTA,5.43,158.94,154.05,863.04,-26.55,-3.08,PÉRDIDA CONTROLADA,Cierre por estrategia de IA,2026-09-24 14:27:20,2026-09-24 14:27:20,2 min
TR-0501,SIMULATION,TRADFI_STOCK,GOOGL,Alphabet (Google),COMPRA / VENTA,7.069,172.52,173.44,1219.54,6.51,0.53,GANANCIA,Cierre por estrategia de IA,2026-09-24 14:27:18,2026-09-24 14:27:18,2 min
TR-0501,SIMULATION,TRADFI_STOCK,MU,Micron Technology,COMPRA / VENTA,4.779,119.77,117.55,572.38,-10.61,-1.85,PÉRDIDA CONTROLADA,Cierre por estrategia de IA,2026-09-24 14:27:17,2026-09-24 14:27:17,2 min
TR-0501,SIMULATION,TRADFI_STOCK,MU,Micron Technology,COMPRA / VENTA,4.944,122.18,119.77,604.06,-11.92,-1.97,PÉRDIDA CONTROLADA,Cierre por estrategia de IA,2026-09-24 14:27:13,2026-09-24 14:27:13,2 min
TR-0501,SIMULATION,CRYPTO,LINK,Chainlink / USD,COMPRA / VENTA,50.946,12.29,12.03,626.13,-13.25,-2.12,PÉRDIDA CONTROLADA,Cierre por estrategia de IA,2026-09-24 14:27:09,2026-09-24 14:27:09,2 min
TR-0501,SIMULATION,TRADFI_STOCK,AAPL,Apple Inc.,COMPRA / VENTA,2.601,232.34,228.27,604.32,-10.59,-1.75,PÉRDIDA CONTROLADA,Cierre por estrategia de IA,2026-09-24 14:27:09,2026-09-24 14:27:09,2 min
TR-0501,SIMULATION,TRADFI_STOCK,MU,Micron Technology,COMPRA / VENTA,5.545,114.09,122.18,632.63,44.86,7.09,GANANCIA,Cierre por estrategia de IA,2026-09-24 14:27:06,2026-09-24 14:27:06,2 min
TR-0501,SIMULATION,CRYPTO,LINK,Chainlink / USD,COMPRA / VENTA,50.367,12.26,12.29,617.5,1.51,0.24,GANANCIA,Cierre por estrategia de IA,2026-09-24 14:27:04,2026-09-24 14:27:04,2 min
TR-0501,SIMULATION,CRYPTO,SOL,Solana / USD,COMPRA / VENTA,5.998,157.04,158.94,941.93,11.39,1.21,GANANCIA,Cierre por estrategia de IA,2026-09-24 14:26:57,2026-09-24 14:26:57,2 min
TR-0501,SIMULATION,CRYPTO,LINK,Chainlink / USD,COMPRA / VENTA,49.097,12.61,12.26,619.11,-17.18,-2.78,PÉRDIDA CONTROLADA,Cierre por estrategia de IA,2026-09-24 14:26:56,2026-09-24 14:26:56,2 min
TR-0501,SIMULATION,CRYPTO,LINK,Chainlink / USD,COMPRA / VENTA,47.526,13.07,12.61,621.16,-21.86,-3.52,PÉRDIDA CONTROLADA,Cierre por estrategia de IA,2026-09-24 14:26:52,2026-09-24 14:26:52,2 min
TR-0501,SIMULATION,CRYPTO,LINK,Chainlink / USD,COMPRA / VENTA,47.625,13.04,13.07,621.03,1.43,0.23,GANANCIA,Cierre por estrategia de IA,2026-09-24 14:26:51,2026-09-24 14:26:51,2 min
TR-0501,SIMULATION,TRADFI_STOCK,AMD,Advanced Micro Devices,COMPRA / VENTA,3.004,158.88,159.72,477.28,2.52,0.53,GANANCIA,Cierre por estrategia de IA,2026-09-24 14:26:47,2026-09-24 14:26:47,2 min
TR-0501,SIMULATION,TRADFI_STOCK,INTC,Intel Corporation,COMPRA / VENTA,16.61,25.77,25.24,428.04,-8.8,-2.06,PÉRDIDA CONTROLADA,Cierre por estrategia de IA,2026-09-24 14:26:45,2026-09-24 14:26:45,2 min
TR-0501,SIMULATION,TRADFI_STOCK,AAPL,Apple Inc.,COMPRA / VENTA,4.037,236.09,232.34,953.1,-15.14,-1.59,PÉRDIDA CONTROLADA,Cierre por estrategia de IA,2026-09-24 14:26:45,2026-09-24 14:26:45,2 min
TR-0501,SIMULATION,CRYPTO,SOL,Solana / USD,COMPRA / VENTA,6.749,155.2,157.04,1047.44,12.42,1.19,GANANCIA,Cierre por estrategia de IA,2026-09-24 14:26:43,2026-09-24 14:26:43,2 min
TR-0501,SIMULATION,TRADFI_STOCK,INTC,Intel Corporation,COMPRA / VENTA,19.657,25.6,25.77,503.22,3.34,0.66,GANANCIA,Cierre por estrategia de IA,2026-09-24 14:26:39,2026-09-24 14:26:39,2 min
